#ifndef LEVELPACKS_H
#define LEVELPACKS_H
// bips_1.bip, 5937 bytes of level text run length encoded to 3400
const unsigned char levelpack_bips_1[] PLATFORM_PROGMEM  = {
  0x2f, 0x44, 0x61, 0x74, 0x65, 0x20, 0x6f, 0x66, 0x20, 0x4c, 0x61, 0x73, 0x74, 0x20, 0x43, 0x68, 
  0x61, 0x6e, 0x67, 0x65, 0x3a, 0x20, 0x32, 0x30, 0x32, 0x35, 0x2e, 0x31, 0x32, 0x2e, 0x31, 0x31, 
  0x20, 0x2d, 0x20, 0x31, 0x35, 0x3a, 0x33, 0x32, 0x3a, 0x32, 0x33, 0x0a, 0x0a, 0x53, 0x65, 0x74, 
  0x3a, 0x86, 0x20, 0x12, 0x42, 0x69, 0x70, 0x73, 0x20, 0x4c, 0x65, 0x76, 0x65, 0x6c, 0x73, 0x0a, 
  0x41, 0x75, 0x74, 0x68, 0x6f, 0x72, 0x3a, 0x83, 0x20, 0x15, 0x42, 0x72, 0x79, 0x61, 0x6e, 0x74, 
  0x20, 0x42, 0x72, 0x6f, 0x77, 0x6e, 0x65, 0x6c, 0x6c, 0x0a, 0x45, 0x6d, 0x61, 0x69, 0x6c, 0x3a, 
  0x84, 0x20, 0x26, 0x62, 0x72, 0x79, 0x61, 0x6e, 0x74, 0x2e, 0x62, 0x72, 0x6f, 0x77, 0x6e, 0x65, 
  0x6c, 0x6c, 0x40, 0x67, 0x6d, 0x61, 0x69, 0x6c, 0x2e, 0x63, 0x6f, 0x6d, 0x0a, 0x48, 0x6f, 0x6d, 
  0x65, 0x70, 0x61, 0x67, 0x65, 0x3a, 0x20, 0x20, 0x0a, 0x0a, 0xd6, 0x3a, 0x5a, 0x0a, 0x0a, 0x47, 
  0x65, 0x6e, 0x65, 0x72, 0x61, 0x74, 0x65, 0x64, 0x20, 0x66, 0x72, 0x6f, 0x6d, 0x20, 0x6d, 0x75, 
  0x6c, 0x74, 0x69, 0x70, 0x6c, 0x65, 0x20, 0x2a, 0x2e, 0x6c, 0x65, 0x76, 0x20, 0x66, 0x6f, 0x72, 
  0x6d, 0x61, 0x74, 0x20, 0x74, 0x6f, 0x20, 0x2e, 0x62, 0x69, 0x70, 0x20, 0x66, 0x6f, 0x72, 0x6d, 
  0x61, 0x74, 0x20, 0x66, 0x6f, 0x72, 0x20, 0x64, 0x65, 0x73, 0x63, 0x72, 0x69, 0x70, 0x74, 0x69, 
  0x6f, 0x6e, 0x20, 0x73, 0x65, 0x65, 0x20, 0x62, 0x6c, 0x69, 0x70, 0x73, 0x20, 0x72, 0x65, 0x61, 
  0x64, 0x6d, 0x65, 0x2e, 0x6d, 0x64, 0x0a, 0x0a, 0xd6, 0x3a, 0x03, 0x0a, 0x0a, 0x31, 0x0a, 0x98, 
  0x23, 0x00, 0x0a, 0x98, 0x23, 0x00, 0x0a, 0x8a, 0x23, 0x01, 0x64, 0x64, 0x8b, 0x23, 0x00, 0x0a, 
  0x8a, 0x23, 0x01, 0x20, 0x20, 0x8b, 0x23, 0x00, 0x0a, 0x8a, 0x23, 0x01, 0x20, 0x20, 0x8b, 0x23, 
  0x00, 0x0a, 0x85, 0x23, 0x01, 0x20, 0x20, 0x82, 0x23, 0x01, 0x20, 0x20, 0x82, 0x23, 0x01, 0x20, 
  0x20, 0x86, 0x23, 0x00, 0x0a, 0x83, 0x23, 0x00, 0x64, 0x84, 0x20, 0x03, 0x24, 0x20, 0x20, 0x24, 
  0x84, 0x20, 0x00, 0x64, 0x84, 0x23, 0x00, 0x0a, 0x85, 0x23, 0x00, 0x20, 0x83, 0x23, 0x01, 0x20, 
  0x20, 0x83, 0x23, 0x00, 0x20, 0x86, 0x23, 0x00, 0x0a, 0x8a, 0x23, 0x01, 0x20, 0x20, 0x8b, 0x23, 
  0x00, 0x0a, 0x8a, 0x23, 0x01, 0x20, 0x20, 0x8b, 0x23, 0x00, 0x0a, 0x8a, 0x23, 0x01, 0x20, 0x20, 
  0x8b, 0x23, 0x00, 0x0a, 0x84, 0x23, 0x02, 0x64, 0x23, 0x64, 0x87, 0x20, 0x02, 0x64, 0x23, 0x64, 
  0x85, 0x23, 0x00, 0x0a, 0x84, 0x23, 0x00, 0x20, 0x84, 0x23, 0x01, 0x20, 0x20, 0x84, 0x23, 0x00, 
  0x20, 0x85, 0x23, 0x00, 0x0a, 0x83, 0x23, 0x85, 0x20, 0x03, 0x24, 0x20, 0x20, 0x24, 0x85, 0x20, 
  0x84, 0x23, 0x00, 0x0a, 0x8a, 0x23, 0x01, 0x40, 0x20, 0x8b, 0x23, 0x00, 0x0a, 0x98, 0x23, 0x2a, 
  0x0a, 0x54, 0x69, 0x74, 0x6c, 0x65, 0x3a, 0x20, 0x57, 0x65, 0x6c, 0x63, 0x6f, 0x6d, 0x65, 0x0a, 
  0x41, 0x75, 0x74, 0x68, 0x6f, 0x72, 0x3a, 0x20, 0x42, 0x72, 0x79, 0x61, 0x6e, 0x74, 0x20, 0x42, 
  0x72, 0x6f, 0x77, 0x6e, 0x65, 0x6c, 0x6c, 0x0a, 0x0a, 0x32, 0x0a, 0x98, 0x23, 0x00, 0x0a, 0x98, 
  0x23, 0x00, 0x0a, 0x98, 0x23, 0x00, 0x0a, 0x82, 0x23, 0x00, 0x40, 0x86, 0x20, 0x00, 0x23, 0x88, 
  0x20, 0x83, 0x23, 0x00, 0x0a, 0x83, 0x23, 0x00, 0x24, 0x84, 0x23, 0x02, 0x20, 0x23, 0x20, 0x86, 
  0x23, 0x00, 0x20, 0x83, 0x23, 0x00, 0x0a, 0x83, 0x23, 0x83, 0x20, 0x05, 0x64, 0x23, 0x20, 0x23, 
  0x20, 0x23, 0x84, 0x20, 0x01, 0x23, 0x20, 0x83, 0x23, 0x00, 0x0a, 0x83, 0x23, 0x00, 0x20, 0x84, 
  0x23, 0x04, 0x20, 0x23, 0x20, 0x23, 0x20, 0x82, 0x23, 0x02, 0x20, 0x23, 0x20, 0x83, 0x23, 0x00, 
  0x0a, 0x83, 0x23, 0x83, 0x20, 0x0c, 0x64, 0x23, 0x20, 0x23, 0x20, 0x23, 0x20, 0x23, 0x64, 0x23, 
  0x20, 0x23, 0x20, 0x83, 0x23, 0x00, 0x0a, 0x83, 0x23, 0x00, 0x20, 0x84, 0x23, 0x03, 0x20, 0x23, 
  0x20, 0x23, 0x82, 0x20, 0x03, 0x23, 0x20, 0x23, 0x20, 0x83, 0x23, 0x00, 0x0a, 0x83, 0x23, 0x08, 
  0x20, 0x20, 0x24, 0x20, 0x20, 0x23, 0x20, 0x23, 0x20, 0x84, 0x23, 0x02, 0x20, 0x23, 0x20, 0x83, 
  0x23, 0x00, 0x0a, 0x82, 0x23, 0x82, 0x20, 0x05, 0x24, 0x20, 0x23, 0x23, 0x20, 0x23, 0x86, 0x20, 
  0x01, 0x23, 0x20, 0x83, 0x23, 0x00, 0x0a, 0x83, 0x23, 0x06, 0x20, 0x23, 0x23, 0x20, 0x23, 0x23, 
  0x20, 0x88, 0x23, 0x00, 0x20, 0x83, 0x23, 0x00, 0x0a, 0x83, 0x23, 0x05, 0x64, 0x23, 0x64, 0x20, 
  0x23, 0x23, 0x8a, 0x20, 0x83, 0x23, 0x00, 0x0a, 0x98, 0x23, 0x00, 0x0a, 0x98, 0x23, 0x00, 0x0a, 
  0x98, 0x23, 0x29, 0x0a, 0x54, 0x69, 0x74, 0x6c, 0x65, 0x3a, 0x20, 0x53, 0x70, 0x69, 0x72, 0x61, 
  0x6c, 0x0a, 0x41, 0x75, 0x74, 0x68, 0x6f, 0x72, 0x3a, 0x20, 0x42, 0x72, 0x79, 0x61, 0x6e, 0x74, 
  0x20, 0x42, 0x72, 0x6f, 0x77, 0x6e, 0x65, 0x6c, 0x6c, 0x0a, 0x0a, 0x33, 0x0a, 0x98, 0x23, 0x00, 
  0x0a, 0x98, 0x23, 0x00, 0x0a, 0x98, 0x23, 0x00, 0x0a, 0x85, 0x23, 0x01, 0x40, 0x24, 0x83, 0x20, 
  0x09, 0x2a, 0x23, 0x23, 0x64, 0x20, 0x20, 0x2a, 0x2a, 0x20, 0x20, 0x82, 0x23, 0x00, 0x0a, 0x8b, 
  0x23, 0x00, 0x64, 0x84, 0x23, 0x03, 0x24, 0x24, 0x23, 0x20, 0x82, 0x23, 0x00, 0x0a, 0x83, 0x23, 
  0x00, 0x64, 0x82, 0x20, 0x04, 0x2a, 0x20, 0x20, 0x23, 0x20, 0x84, 0x23, 0x03, 0x20, 0x20, 0x23, 
  0x64, 0x82, 0x23, 0x00, 0x0a, 0x86, 0x23, 0x83, 0x24, 0x00, 0x23, 0x87, 0x20, 0x84, 0x23, 0x00, 
  0x0a, 0x86, 0x23, 0x87, 0x20, 0x01, 0x23, 0x24, 0x87, 0x23, 0x00, 0x0a, 0x86, 0x23, 0x00, 0x20, 
  0x87, 0x23, 0x00, 0x20, 0x87, 0x23, 0x00, 0x0a, 0x86, 0x23, 0x02, 0x24, 0x23, 0x64, 0x82, 0x20, 
  0x03, 0x23, 0x23, 0x20, 0x20, 0x87, 0x23, 0x00, 0x0a, 0x83, 0x23, 0x03, 0x64, 0x2a, 0x24, 0x20, 
  0x83, 0x23, 0x05, 0x20, 0x23, 0x23, 0x20, 0x20, 0x2a, 0x82, 0x20, 0x00, 0x64, 0x82, 0x23, 0x00, 
  0x0a, 0x86, 0x23, 0x85, 0x20, 0x8b, 0x23, 0x00, 0x0a, 0x86, 0x23, 0x00, 0x20, 0x90, 0x23, 0x00, 
  0x0a, 0x98, 0x23, 0x00, 0x0a, 0x98, 0x23, 0x00, 0x0a, 0x98, 0x23, 0x27, 0x0a, 0x54, 0x69, 0x74, 
  0x6c, 0x65, 0x3a, 0x20, 0x42, 0x6f, 0x6d, 0x62, 0x73, 0x0a, 0x41, 0x75, 0x74, 0x68, 0x6f, 0x72, 
  0x3a, 0x20, 0x43, 0x61, 0x72, 0x79, 0x6e, 0x20, 0x42, 0x72, 0x6f, 0x77, 0x6e, 0x65, 0x6c, 0x6c, 
  0x0a, 0x0a, 0x34, 0x0a, 0x98, 0x23, 0x00, 0x0a, 0x98, 0x23, 0x00, 0x0a, 0x98, 0x23, 0x00, 0x0a, 
  0x82, 0x23, 0x04, 0x2a, 0x20, 0x64, 0x20, 0x2a, 0x82, 0x20, 0x01, 0x64, 0x64, 0x82, 0x20, 0x04, 
  0x2a, 0x20, 0x64, 0x20, 0x2a, 0x83, 0x23, 0x00, 0x0a, 0x82, 0x23, 0x11, 0x20, 0x2a, 0x20, 0x2a, 
  0x20, 0x2a, 0x20, 0x2a, 0x20, 0x20, 0x2a, 0x20, 0x2a, 0x20, 0x2a, 0x20, 0x2a, 0x20, 0x83, 0x23, 
  0x00, 0x0a, 0x82, 0x23, 0x02, 0x20, 0x20, 0x2a, 0x82, 0x20, 0x05, 0x2a, 0x20, 0x2a, 0x2a, 0x20, 
  0x2a, 0x82, 0x20, 0x02, 0x2a, 0x20, 0x20, 0x83, 0x23, 0x00, 0x0a, 0x82, 0x23, 0x82, 0x20, 0x03, 
  0x2a, 0x20, 0x2a, 0x20, 0x83, 0x24, 0x03, 0x20, 0x2a, 0x20, 0x2a, 0x82, 0x20, 0x83, 0x23, 0x00, 
  0x0a, 0x82, 0x23, 0x00, 0x64, 0x82, 0x20, 0x09, 0x2a, 0x20, 0x20, 0x24, 0x40, 0x20, 0x24, 0x20, 
  0x20, 0x2a, 0x82, 0x20, 0x00, 0x64, 0x83, 0x23, 0x00, 0x0a, 0x82, 0x23, 0x00, 0x64, 0x82, 0x20, 
  0x09, 0x2a, 0x20, 0x20, 0x24, 0x20, 0x20, 0x24, 0x20, 0x20, 0x2a, 0x82, 0x20, 0x00, 0x64, 0x83, 
  0x23, 0x00, 0x0a, 0x82, 0x23, 0x82, 0x20, 0x03, 0x2a, 0x20, 0x2a, 0x20, 0x83, 0x24, 0x03, 0x20, 
  0x2a, 0x20, 0x2a, 0x82, 0x20, 0x83, 0x23, 0x00, 0x0a, 0x82, 0x23, 0x02, 0x20, 0x20, 0x2a, 0x82, 
  0x20, 0x05, 0x2a, 0x20, 0x2a, 0x2a, 0x20, 0x2a, 0x82, 0x20, 0x02, 0x2a, 0x20, 0x20, 0x83, 0x23, 
  0x00, 0x0a, 0x82, 0x23, 0x11, 0x20, 0x2a, 0x20, 0x2a, 0x20, 0x2a, 0x20, 0x2a, 0x20, 0x20, 0x2a, 
  0x20, 0x2a, 0x20, 0x2a, 0x20, 0x2a, 0x20, 0x83, 0x23, 0x00, 0x0a, 0x82, 0x23, 0x04, 0x2a, 0x20, 
  0x64, 0x20, 0x2a, 0x82, 0x20, 0x01, 0x64, 0x64, 0x82, 0x20, 0x04, 0x2a, 0x20, 0x64, 0x20, 0x2a, 
  0x83, 0x23, 0x00, 0x0a, 0x98, 0x23, 0x00, 0x0a, 0x98, 0x23, 0x00, 0x0a, 0x98, 0x23, 0x2b, 0x0a, 
  0x54, 0x69, 0x74, 0x6c, 0x65, 0x3a, 0x20, 0x50, 0x6c, 0x61, 0x6e, 0x65, 0x74, 0x20, 0x58, 0x0a, 
  0x41, 0x75, 0x74, 0x68, 0x6f, 0x72, 0x3a, 0x20, 0x42, 0x72, 0x79, 0x61, 0x6e, 0x74, 0x20, 0x42, 
  0x72, 0x6f, 0x77, 0x6e, 0x65, 0x6c, 0x6c, 0x0a, 0x0a, 0x35, 0x0a, 0x98, 0x23, 0x00, 0x0a, 0x98, 
  0x23, 0x00, 0x0a, 0x98, 0x23, 0x00, 0x0a, 0x84, 0x23, 0x8d, 0x20, 0x85, 0x23, 0x00, 0x0a, 0x82, 
  0x23, 0x91, 0x20, 0x83, 0x23, 0x00, 0x0a, 0x82, 0x23, 0x82, 0x20, 0x82, 0x23, 0x85, 0x20, 0x82, 
  0x23, 0x82, 0x20, 0x83, 0x23, 0x00, 0x0a, 0x82, 0x23, 0x82, 0x20, 0x02, 0x23, 0x24, 0x23, 0x85, 
  0x20, 0x02, 0x23, 0x24, 0x23, 0x82, 0x20, 0x83, 0x23, 0x00, 0x0a, 0x82, 0x23, 0x87, 0x20, 0x01, 
  0x23, 0x23, 0x87, 0x20, 0x83, 0x23, 0x00, 0x0a, 0x82, 0x23, 0x86, 0x20, 0x03, 0x23, 0x64, 0x64, 
  0x23, 0x86, 0x20, 0x83, 0x23, 0x00, 0x0a, 0x82, 0x23, 0x82, 0x20, 0x03, 0x24, 0x23, 0x20, 0x20, 
  0x83, 0x2a, 0x03, 0x20, 0x20, 0x23, 0x24, 0x82, 0x20, 0x83, 0x23, 0x00, 0x0a, 0x82, 0x23, 0x83, 
  0x20, 0x00, 0x23, 0x87, 0x20, 0x00, 0x23, 0x83, 0x20, 0x83, 0x23, 0x00, 0x0a, 0x83, 0x23, 0x83, 
  0x20, 0x87, 0x23, 0x83, 0x20, 0x84, 0x23, 0x00, 0x0a, 0x84, 0x23, 0x85, 0x20, 0x00, 0x40, 0x86, 
  0x20, 0x85, 0x23, 0x00, 0x0a, 0x98, 0x23, 0x00, 0x0a, 0x98, 0x23, 0x00, 0x0a, 0x98, 0x23, 0x2d, 
  0x0a, 0x54, 0x69, 0x74, 0x6c, 0x65, 0x3a, 0x20, 0x48, 0x61, 0x70, 0x70, 0x79, 0x20, 0x46, 0x61, 
  0x63, 0x65, 0x0a, 0x41, 0x75, 0x74, 0x68, 0x6f, 0x72, 0x3a, 0x20, 0x42, 0x72, 0x79, 0x61, 0x6e, 
  0x74, 0x20, 0x42, 0x72, 0x6f, 0x77, 0x6e, 0x65, 0x6c, 0x6c, 0x0a, 0x0a, 0x36, 0x0a, 0x98, 0x23, 
  0x00, 0x0a, 0x98, 0x23, 0x00, 0x0a, 0x98, 0x23, 0x00, 0x0a, 0x82, 0x23, 0x0c, 0x64, 0x23, 0x64, 
  0x23, 0x23, 0x20, 0x64, 0x20, 0x20, 0x23, 0x20, 0x20, 0x23, 0x82, 0x20, 0x01, 0x24, 0x20, 0x83, 
  0x23, 0x00, 0x0a, 0x82, 0x23, 0x11, 0x20, 0x20, 0x2a, 0x20, 0x20, 0x23, 0x2a, 0x20, 0x64, 0x20, 
  0x64, 0x24, 0x20, 0x64, 0x20, 0x20, 0x24, 0x64, 0x83, 0x23, 0x00, 0x0a, 0x82, 0x23, 0x05, 0x20, 
  0x2a, 0x20, 0x23, 0x20, 0x64, 0x82, 0x20, 0x00, 0x23, 0x82, 0x20, 0x04, 0x2a, 0x2a, 0x23, 0x20, 
  0x20, 0x83, 0x23, 0x00, 0x0a, 0x82, 0x23, 0x11, 0x2a, 0x2a, 0x20, 0x2a, 0x20, 0x20, 0x2a, 0x24, 
  0x2a, 0x20, 0x23, 0x2a, 0x20, 0x2a, 0x20, 0x23, 0x2a, 0x20, 0x83, 0x23, 0x00, 0x0a, 0x82, 0x23, 
  0x11, 0x20, 0x20, 0x64, 0x20, 0x20, 0x23, 0x64, 0x24, 0x40, 0x24, 0x20, 0x20, 0x64, 0x24, 0x20, 
  0x64, 0x23, 0x20, 0x83, 0x23, 0x00, 0x0a, 0x82, 0x23, 0x11, 0x24, 0x20, 0x23, 0x20, 0x20, 0x23, 
  0x20, 0x2a, 0x64, 0x24, 0x24, 0x64, 0x2a, 0x20, 0x20, 0x23, 0x20, 0x64, 0x83, 0x23, 0x00, 0x0a, 
  0x82, 0x23, 0x0d, 0x20, 0x23, 0x20, 0x64, 0x20, 0x23, 0x20, 0x20, 0x2a, 0x24, 0x20, 0x24, 0x20, 
  0x20, 0x82, 0x2a, 0x84, 0x23, 0x00, 0x0a, 0x82, 0x23, 0x85, 0x20, 0x02, 0x23, 0x20, 0x23, 0x82, 
  0x2a, 0x05, 0x20, 0x23, 0x20, 0x20, 0x24, 0x24, 0x83, 0x23, 0x00, 0x0a, 0x82, 0x23, 0x02, 0x2a, 
  0x23, 0x2a, 0x83, 0x20, 0x0a, 0x64, 0x23, 0x20, 0x23, 0x20, 0x24, 0x20, 0x2a, 0x24, 0x2a, 0x2a, 
  0x83, 0x23, 0x00, 0x0a, 0x82, 0x23, 0x11, 0x64, 0x20, 0x23, 0x64, 0x20, 0x23, 0x64, 0x20, 0x2a, 
  0x20, 0x20, 0x64, 0x23, 0x2a, 0x64, 0x20, 0x20, 0x64, 0x83, 0x23, 0x00, 0x0a, 0x98, 0x23, 0x00, 
  0x0a, 0x98, 0x23, 0x00, 0x0a, 0x98, 0x23, 0x2e, 0x0a, 0x54, 0x69, 0x74, 0x6c, 0x65, 0x3a, 0x20, 
  0x45, 0x72, 0x61, 0x74, 0x68, 0x71, 0x75, 0x61, 0x6b, 0x65, 0x21, 0x0a, 0x41, 0x75, 0x74, 0x68, 
  0x6f, 0x72, 0x3a, 0x20, 0x42, 0x72, 0x79, 0x61, 0x6e, 0x74, 0x20, 0x42, 0x72, 0x6f, 0x77, 0x6e, 
  0x65, 0x6c, 0x6c, 0x0a, 0x0a, 0x37, 0x0a, 0x98, 0x23, 0x00, 0x0a, 0x98, 0x23, 0x00, 0x0a, 0x98, 
  0x23, 0x00, 0x0a, 0x82, 0x23, 0x04, 0x40, 0x20, 0x23, 0x20, 0x23, 0x82, 0x20, 0x04, 0x23, 0x20, 
  0x24, 0x20, 0x20, 0x83, 0x2a, 0x00, 0x64, 0x83, 0x23, 0x00, 0x0a, 0x83, 0x23, 0x02, 0x20, 0x20, 
  0x23, 0x82, 0x20, 0x04, 0x23, 0x20, 0x24, 0x20, 0x20, 0x84, 0x23, 0x00, 0x24, 0x83, 0x23, 0x00, 
  0x0a, 0x82, 0x23, 0x0b, 0x64, 0x23, 0x20, 0x20, 0x24, 0x20, 0x64, 0x20, 0x24, 0x20, 0x20, 0x23, 
  0x85, 0x20, 0x83, 0x23, 0x00, 0x0a, 0x82, 0x23, 0x05, 0x20, 0x20, 0x23, 0x20, 0x20, 0x23, 0x83, 
  0x20, 0x07, 0x23, 0x20, 0x20, 0x23, 0x20, 0x20, 0x23, 0x2a, 0x83, 0x23, 0x00, 0x0a, 0x82, 0x23, 
  0x11, 0x20, 0x23, 0x20, 0x20, 0x23, 0x20, 0x2a, 0x20, 0x23, 0x23, 0x20, 0x20, 0x23, 0x20, 0x20, 
  0x23, 0x20, 0x20, 0x83, 0x23, 0x00, 0x0a, 0x82, 0x23, 0x07, 0x2a, 0x20, 0x20, 0x24, 0x20, 0x64, 
  0x20, 0x23, 0x82, 0x20, 0x06, 0x23, 0x20, 0x20, 0x23, 0x20, 0x24, 0x20, 0x83, 0x23, 0x00, 0x0a, 
  0x82, 0x23, 0x06, 0x20, 0x20, 0x23, 0x20, 0x64, 0x20, 0x23, 0x82, 0x20, 0x03, 0x23, 0x20, 0x20, 
  0x23, 0x83, 0x20, 0x83, 0x23, 0x00, 0x0a, 0x82, 0x23, 0x05, 0x24, 0x23, 0x20, 0x64, 0x20, 0x23, 
  0x82, 0x20, 0x08, 0x23, 0x20, 0x20, 0x23, 0x20, 0x20, 0x23, 0x23, 0x2a, 0x83, 0x23, 0x00, 0x0a, 
  0x82, 0x23, 0x04, 0x20, 0x20, 0x23, 0x20, 0x23, 0x82, 0x20, 0x06, 0x23, 0x20, 0x20, 0x23, 0x20, 
  0x20, 0x23, 0x82, 0x20, 0x83, 0x23, 0x00, 0x0a, 0x82, 0x23, 0x03, 0x64, 0x20, 0x20, 0x2a, 0x82, 
  0x20, 0x0a, 0x23, 0x64, 0x20, 0x23, 0x64, 0x20, 0x23, 0x64, 0x20, 0x20, 0x64, 0x83, 0x23, 0x00, 
  0x0a, 0x98, 0x23, 0x00, 0x0a, 0x98, 0x23, 0x00, 0x0a, 0x98, 0x23, 0x2e, 0x0a, 0x54, 0x69, 0x74, 
  0x6c, 0x65, 0x3a, 0x20, 0x5a, 0x69, 0x67, 0x7a, 0x61, 0x67, 0x20, 0x43, 0x69, 0x74, 0x79, 0x0a, 
  0x41, 0x75, 0x74, 0x68, 0x6f, 0x72, 0x3a, 0x20, 0x42, 0x72, 0x79, 0x61, 0x6e, 0x74, 0x20, 0x42, 
  0x72, 0x6f, 0x77, 0x6e, 0x65, 0x6c, 0x6c, 0x0a, 0x0a, 0x38, 0x0a, 0x98, 0x23, 0x00, 0x0a, 0x98, 
  0x23, 0x00, 0x0a, 0x98, 0x23, 0x00, 0x0a, 0x82, 0x23, 0x01, 0x40, 0x2a, 0x8f, 0x20, 0x83, 0x23, 
  0x00, 0x0a, 0x82, 0x23, 0x04, 0x20, 0x2a, 0x20, 0x2a, 0x20, 0x8b, 0x2a, 0x00, 0x20, 0x83, 0x23, 
  0x00, 0x0a, 0x82, 0x23, 0x06, 0x20, 0x2a, 0x20, 0x2a, 0x20, 0x2a, 0x64, 0x83, 0x20, 0x01, 0x2a, 
  0x64, 0x82, 0x20, 0x01, 0x2a, 0x20, 0x83, 0x23, 0x00, 0x0a, 0x82, 0x23, 0x82, 0x20, 0x01, 0x2a, 
  0x20, 0x84, 0x2a, 0x00, 0x20, 0x83, 0x2a, 0x02, 0x20, 0x2a, 0x20, 0x83, 0x23, 0x00, 0x0a, 0x82, 
  0x23, 0x03, 0x2a, 0x2a, 0x20, 0x2a, 0x82, 0x20, 0x02, 0x64, 0x23, 0x23, 0x85, 0x20, 0x01, 0x2a, 
  0x20, 0x83, 0x23, 0x00, 0x0a, 0x82, 0x23, 0x82, 0x20, 0x84, 0x2a, 0x82, 0x23, 0x82, 0x2a, 0x03, 
  0x20, 0x2a, 0x2a, 0x20, 0x83, 0x23, 0x00, 0x0a, 0x82, 0x23, 0x00, 0x20, 0x82, 0x2a, 0x82, 0x20, 
  0x00, 0x2a, 0x82, 0x20, 0x00, 0x2a, 0x82, 0x20, 0x02, 0x2a, 0x2a, 0x20, 0x83, 0x23, 0x00, 0x0a, 
  0x82, 0x23, 0x84, 0x20, 0x00, 0x2a, 0x82, 0x20, 0x00, 0x2a, 0x82, 0x20, 0x04, 0x2a, 0x64, 0x2a, 
  0x64, 0x20, 0x83, 0x23, 0x00, 0x0a, 0x82, 0x23, 0x00, 0x20, 0x90, 0x2a, 0x83, 0x23, 0x00, 0x0a, 
  0x82, 0x23, 0x90, 0x20, 0x00, 0x64, 0x83, 0x23, 0x00, 0x0a, 0x98, 0x23, 0x00, 0x0a, 0x98, 0x23, 
  0x00, 0x0a, 0x98, 0x23, 0x32, 0x0a, 0x54, 0x69, 0x74, 0x6c, 0x65, 0x3a, 0x20, 0x57, 0x61, 0x74, 
  0x63, 0x68, 0x20, 0x59, 0x6f, 0x75, 0x72, 0x20, 0x53, 0x74, 0x65, 0x70, 0x0a, 0x41, 0x75, 0x74, 
  0x68, 0x6f, 0x72, 0x3a, 0x20, 0x42, 0x72, 0x79, 0x61, 0x6e, 0x74, 0x20, 0x42, 0x72, 0x6f, 0x77, 
  0x6e, 0x65, 0x6c, 0x6c, 0x0a, 0x0a, 0x39, 0x0a, 0x98, 0x23, 0x00, 0x0a, 0x98, 0x23, 0x00, 0x0a, 
  0x98, 0x23, 0x00, 0x0a, 0x82, 0x23, 0x11, 0x64, 0x2a, 0x24, 0x2a, 0x24, 0x2a, 0x24, 0x2a, 0x24, 
  0x2a, 0x24, 0x2a, 0x24, 0x2a, 0x24, 0x2a, 0x24, 0x2a, 0x83, 0x23, 0x00, 0x0a, 0x93, 0x23, 0x00, 
  0x24, 0x83, 0x23, 0x00, 0x0a, 0x82, 0x23, 0x82, 0x20, 0x04, 0x2a, 0x24, 0x64, 0x20, 0x23, 0x85, 
  0x20, 0x83, 0x2a, 0x83, 0x23, 0x00, 0x0a, 0x82, 0x23, 0x82, 0x24, 0x08, 0x20, 0x2a, 0x23, 0x20, 
  0x23, 0x20, 0x23, 0x64, 0x24, 0x82, 0x20, 0x82, 0x2a, 0x83, 0x23, 0x00, 0x0a, 0x82, 0x23, 0x84, 
  0x2a, 0x00, 0x23, 0x82, 0x20, 0x02, 0x23, 0x23, 0x24, 0x82, 0x20, 0x02, 0x2a, 0x20, 0x2a, 0x83, 
  0x23, 0x00, 0x0a, 0x82, 0x23, 0x84, 0x2a, 0x84, 0x23, 0x87, 0x20, 0x83, 0x23, 0x00, 0x0a, 0x82, 
  0x23, 0x83, 0x20, 0x01, 0x23, 0x23, 0x82, 0x20, 0x02, 0x23, 0x20, 0x24, 0x82, 0x23, 0x00, 0x24, 
  0x85, 0x23, 0x00, 0x0a, 0x84, 0x23, 0x0a, 0x20, 0x20, 0x23, 0x23, 0x24, 0x20, 0x24, 0x23, 0x20, 
  0x20, 0x23, 0x82, 0x20, 0x01, 0x2a, 0x64, 0x83, 0x23, 0x00, 0x0a, 0x82, 0x23, 0x08, 0x64, 0x23, 
  0x23, 0x20, 0x23, 0x23, 0x20, 0x24, 0x20, 0x83, 0x23, 0x01, 0x64, 0x24, 0x86, 0x23, 0x00, 0x0a, 
  0x82, 0x23, 0x02, 0x2a, 0x20, 0x24, 0x85, 0x20, 0x08, 0x2a, 0x2a, 0x64, 0x23, 0x20, 0x24, 0x20, 
  0x20, 0x40, 0x83, 0x23, 0x00, 0x0a, 0x98, 0x23, 0x00, 0x0a, 0x98, 0x23, 0x00, 0x0a, 0x98, 0x23, 
  0x2c, 0x0a, 0x54, 0x69, 0x74, 0x6c, 0x65, 0x3a, 0x20, 0x4d, 0x69, 0x73, 0x68, 0x6d, 0x65, 0x73, 
  0x68, 0x0a, 0x41, 0x75, 0x74, 0x68, 0x6f, 0x72, 0x3a, 0x20, 0x4c, 0x61, 0x6e, 0x64, 0x6f, 0x6e, 
  0x20, 0x42, 0x72, 0x6f, 0x77, 0x6e, 0x65, 0x6c, 0x6c, 0x0a, 0x0a, 0x31, 0x30, 0x0a, 0x98, 0x23, 
  0x00, 0x0a, 0x98, 0x23, 0x00, 0x0a, 0x98, 0x23, 0x00, 0x0a, 0x83, 0x23, 0x0a, 0x20, 0x24, 0x20, 
  0x23, 0x64, 0x23, 0x40, 0x20, 0x2a, 0x64, 0x2a, 0x84, 0x20, 0x00, 0x2a, 0x83, 0x23, 0x00, 0x0a, 
  0x83, 0x23, 0x07, 0x20, 0x24, 0x20, 0x23, 0x2a, 0x23, 0x20, 0x20, 0x82, 0x23, 0x84, 0x24, 0x84, 
  0x23, 0x00, 0x0a, 0x82, 0x23, 0x02, 0x64, 0x20, 0x24, 0x85, 0x20, 0x82, 0x23, 0x85, 0x20, 0x83, 
  0x23, 0x00, 0x0a, 0x83, 0x23, 0x01, 0x20, 0x24, 0x85, 0x20, 0x02, 0x2a, 0x24, 0x2a, 0x85, 0x20, 
  0x83, 0x23, 0x00, 0x0a, 0x87, 0x23, 0x00, 0x24, 0x85, 0x23, 0x85, 0x20, 0x83, 0x23, 0x00, 0x0a, 
  0x82, 0x23, 0x01, 0x20, 0x20, 0x82, 0x23, 0x03, 0x64, 0x23, 0x23, 0x64, 0x82, 0x23, 0x85, 0x20, 
  0x83, 0x23, 0x00, 0x0a, 0x82, 0x23, 0x03, 0x2a, 0x24, 0x23, 0x23, 0x82, 0x2a, 0x01, 0x23, 0x2a, 
  0x82, 0x23, 0x85, 0x20, 0x83, 0x23, 0x00, 0x0a, 0x82, 0x23, 0x00, 0x24, 0x88, 0x20, 0x01, 0x2a, 
  0x2a, 0x84, 0x20, 0x00, 0x24, 0x83, 0x23, 0x00, 0x0a, 0x82, 0x23, 0x01, 0x20, 0x24, 0x86, 0x20, 
  0x82, 0x23, 0x83, 0x20, 0x01, 0x24, 0x20, 0x83, 0x23, 0x00, 0x0a, 0x82, 0x23, 0x02, 0x64, 0x20, 
  0x24, 0x85, 0x20, 0x02, 0x23, 0x64, 0x2a, 0x82, 0x20, 0x02, 0x24, 0x20, 0x64, 0x83, 0x23, 0x00, 
  0x0a, 0x98, 0x23, 0x00, 0x0a, 0x98, 0x23, 0x00, 0x0a, 0x98, 0x23, 0x32, 0x0a, 0x54, 0x69, 0x74, 
  0x6c, 0x65, 0x3a, 0x20, 0x41, 0x72, 0x6f, 0x75, 0x6e, 0x64, 0x2c, 0x20, 0x41, 0x72, 0x6f, 0x75, 
  0x6e, 0x64, 0x0a, 0x41, 0x75, 0x74, 0x68, 0x6f, 0x72, 0x3a, 0x20, 0x42, 0x72, 0x79, 0x61, 0x6e, 
  0x74, 0x20, 0x42, 0x72, 0x6f, 0x77, 0x6e, 0x65, 0x6c, 0x6c, 0x0a, 0x0a, 0x31, 0x31, 0x0a, 0x98, 
  0x23, 0x00, 0x0a, 0x98, 0x23, 0x00, 0x0a, 0x98, 0x23, 0x00, 0x0a, 0x83, 0x23, 0x05, 0x64, 0x2a, 
  0x20, 0x20, 0x2a, 0x64, 0x8e, 0x23, 0x00, 0x0a, 0x83, 0x23, 0x06, 0x20, 0x2a, 0x20, 0x2a, 0x24, 
  0x64, 0x23, 0x83, 0x20, 0x00, 0x23, 0x84, 0x20, 0x83, 0x23, 0x00, 0x0a, 0x83, 0x23, 0x10, 0x20, 
  0x2a, 0x2a, 0x20, 0x24, 0x64, 0x23, 0x20, 0x24, 0x20, 0x20, 0x24, 0x20, 0x24, 0x20, 0x24, 0x20, 
  0x83, 0x23, 0x00, 0x0a, 0x83, 0x23, 0x05, 0x20, 0x2a, 0x20, 0x24, 0x2a, 0x64, 0x83, 0x23, 0x06, 
  0x20, 0x23, 0x23, 0x24, 0x20, 0x24, 0x20, 0x83, 0x23, 0x00, 0x0a, 0x83, 0x23, 0x02, 0x20, 0x2a, 
  0x20, 0x86, 0x23, 0x05, 0x20, 0x23, 0x20, 0x20, 0x24, 0x20, 0x84, 0x23, 0x00, 0x0a, 0x83, 0x23, 
  0x89, 0x2a, 0x06, 0x20, 0x40, 0x20, 0x23, 0x23, 0x20, 0x20, 0x83, 0x23, 0x00, 0x0a, 0x83, 0x23, 
  0x02, 0x20, 0x2a, 0x20, 0x86, 0x23, 0x00, 0x24, 0x83, 0x23, 0x01, 0x20, 0x20, 0x83, 0x23, 0x00, 
  0x0a, 0x83, 0x23, 0x10, 0x20, 0x2a, 0x20, 0x2a, 0x20, 0x20, 0x24, 0x2a, 0x64, 0x23, 0x20, 0x24, 
  0x20, 0x20, 0x24, 0x20, 0x20, 0x83, 0x23, 0x00, 0x0a, 0x83, 0x23, 0x01, 0x20, 0x2a, 0x83, 0x20, 
  0x03, 0x2a, 0x24, 0x64, 0x23, 0x84, 0x20, 0x85, 0x23, 0x00, 0x0a, 0x83, 0x23, 0x08, 0x64, 0x2a, 
  0x20, 0x2a, 0x20, 0x20, 0x2a, 0x24, 0x64, 0x8b, 0x23, 0x00, 0x0a, 0x98, 0x23, 0x00, 0x0a, 0x98, 
  0x23, 0x00, 0x0a, 0x98, 0x23, 0x2a, 0x0a, 0x54, 0x69, 0x74, 0x6c, 0x65, 0x3a, 0x20, 0x4a, 0x75, 
  0x73, 0x74, 0x20, 0x4e, 0x65, 0x78, 0x74, 0x20, 0x44, 0x6f, 0x6f, 0x72, 0x0a, 0x41, 0x75, 0x74, 
  0x68, 0x6f, 0x72, 0x3a, 0x20, 0x50, 0x6f, 0x63, 0x6f, 0x4d, 0x61, 0x6e, 0x0a, 0x0a, 0x31, 0x32, 
  0x0a, 0x98, 0x23, 0x00, 0x0a, 0x98, 0x23, 0x00, 0x0a, 0x98, 0x23, 0x00, 0x0a, 0x82, 0x23, 0x03, 
  0x40, 0x20, 0x20, 0x23, 0x82, 0x20, 0x00, 0x23, 0x82, 0x20, 0x00, 0x23, 0x85, 0x20, 0x83, 0x23, 
  0x00, 0x0a, 0x82, 0x23, 0x0e, 0x20, 0x24, 0x20, 0x2a, 0x20, 0x24, 0x20, 0x2a, 0x20, 0x24, 0x20, 
  0x2a, 0x20, 0x20, 0x24, 0x82, 0x20, 0x83, 0x23, 0x00, 0x0a, 0x83, 0x23, 0x00, 0x2a, 0x82, 0x23, 
  0x00, 0x2a, 0x82, 0x23, 0x00, 0x2a, 0x83, 0x23, 0x03, 0x2a, 0x23, 0x23, 0x2a, 0x83, 0x23, 0x00, 
  0x0a, 0x82, 0x23, 0x82, 0x20, 0x00, 0x23, 0x82, 0x20, 0x00, 0x23, 0x82, 0x20, 0x00, 0x23, 0x83, 
  0x20, 0x01, 0x23, 0x2a, 0x83, 0x23, 0x00, 0x0a, 0x82, 0x23, 0x07, 0x20, 0x24, 0x20, 0x2a, 0x20, 
  0x24, 0x20, 0x2a, 0x82, 0x20, 0x06, 0x24, 0x64, 0x20, 0x24, 0x2a, 0x2a, 0x64, 0x83, 0x23, 0x00, 
  0x0a, 0x82, 0x23, 0x82, 0x20, 0x00, 0x23, 0x82, 0x20, 0x00, 0x23, 0x82, 0x20, 0x00, 0x23, 0x83, 
  0x20, 0x01, 0x23, 0x2a, 0x83, 0x23, 0x00, 0x0a, 0x83, 0x23, 0x00, 0x2a, 0x82, 0x23, 0x00, 0x2a, 
  0x82, 0x23, 0x00, 0x2a, 0x83, 0x23, 0x03, 0x2a, 0x23, 0x23, 0x2a, 0x83, 0x23, 0x00, 0x0a, 0x82, 
  0x23, 0x82, 0x20, 0x00, 0x23, 0x82, 0x20, 0x00, 0x23, 0x82, 0x20, 0x00, 0x23, 0x85, 0x20, 0x83, 
  0x23, 0x00, 0x0a, 0x82, 0x23, 0x11, 0x64, 0x24, 0x20, 0x2a, 0x20, 0x20, 0x64, 0x24, 0x20, 0x2a, 
  0x20, 0x24, 0x64, 0x20, 0x24, 0x20, 0x20, 0x64, 0x83, 0x23, 0x00, 0x0a, 0x82, 0x23, 0x82, 0x20, 
  0x00, 0x23, 0x82, 0x20, 0x00, 0x23, 0x82, 0x20, 0x00, 0x23, 0x85, 0x20, 0x83, 0x23, 0x00, 0x0a, 
  0x98, 0x23, 0x00, 0x0a, 0x98, 0x23, 0x00, 0x0a, 0x98, 0x23, 0x2c, 0x0a, 0x54, 0x69, 0x74, 0x6c, 
  0x65, 0x3a, 0x20, 0x44, 0x6f, 0x6f, 0x72, 0x20, 0x74, 0x6f, 0x20, 0x44, 0x6f, 0x6f, 0x72, 0x0a, 
  0x41, 0x75, 0x74, 0x68, 0x6f, 0x72, 0x3a, 0x20, 0x42, 0x72, 0x79, 0x61, 0x6e, 0x74, 0x20, 0x42, 
  0x72, 0x6f, 0x77, 0x6e, 0x65, 0x6c, 0x6c, 0x0a
};

// bips_2.bip, 6882 bytes of level text run length encoded to 3968
const unsigned char levelpack_bips_2[] PLATFORM_PROGMEM  = {
  0x2f, 0x44, 0x61, 0x74, 0x65, 0x20, 0x6f, 0x66, 0x20, 0x4c, 0x61, 0x73, 0x74, 0x20, 0x43, 0x68, 
  0x61, 0x6e, 0x67, 0x65, 0x3a, 0x20, 0x32, 0x30, 0x32, 0x35, 0x2e, 0x31, 0x32, 0x2e, 0x31, 0x31, 
  0x20, 0x2d, 0x20, 0x31, 0x35, 0x3a, 0x33, 0x32, 0x3a, 0x32, 0x33, 0x0a, 0x0a, 0x53, 0x65, 0x74, 
  0x3a, 0x86, 0x20, 0x12, 0x42, 0x69, 0x70, 0x73, 0x20, 0x4c, 0x65, 0x76, 0x65, 0x6c, 0x73, 0x0a, 
  0x41, 0x75, 0x74, 0x68, 0x6f, 0x72, 0x3a, 0x83, 0x20, 0x15, 0x42, 0x72, 0x79, 0x61, 0x6e, 0x74, 
  0x20, 0x42, 0x72, 0x6f, 0x77, 0x6e, 0x65, 0x6c, 0x6c, 0x0a, 0x45, 0x6d, 0x61, 0x69, 0x6c, 0x3a, 
  0x84, 0x20, 0x26, 0x62, 0x72, 0x79, 0x61, 0x6e, 0x74, 0x2e, 0x62, 0x72, 0x6f, 0x77, 0x6e, 0x65, 
  0x6c, 0x6c, 0x40, 0x67, 0x6d, 0x61, 0x69, 0x6c, 0x2e, 0x63, 0x6f, 0x6d, 0x0a, 0x48, 0x6f, 0x6d, 
  0x65, 0x70, 0x61, 0x67, 0x65, 0x3a, 0x20, 0x20, 0x0a, 0x0a, 0xd6, 0x3a, 0x5a, 0x0a, 0x0a, 0x47, 
  0x65, 0x6e, 0x65, 0x72, 0x61, 0x74, 0x65, 0x64, 0x20, 0x66, 0x72, 0x6f, 0x6d, 0x20, 0x6d, 0x75, 
  0x6c, 0x74, 0x69, 0x70, 0x6c, 0x65, 0x20, 0x2a, 0x2e, 0x6c, 0x65, 0x76, 0x20, 0x66, 0x6f, 0x72, 
  0x6d, 0x61, 0x74, 0x20, 0x74, 0x6f, 0x20, 0x2e, 0x62, 0x69, 0x70, 0x20, 0x66, 0x6f, 0x72, 0x6d, 
  0x61, 0x74, 0x20, 0x66, 0x6f, 0x72, 0x20, 0x64, 0x65, 0x73, 0x63, 0x72, 0x69, 0x70, 0x74, 0x69, 
  0x6f, 0x6e, 0x20, 0x73, 0x65, 0x65, 0x20, 0x62, 0x6c, 0x69, 0x70, 0x73, 0x20, 0x72, 0x65, 0x61, 
  0x64, 0x6d, 0x65, 0x2e, 0x6d, 0x64, 0x0a, 0x0a, 0xd6, 0x3a, 0x04, 0x0a, 0x0a, 0x31, 0x33, 0x0a, 
  0x98, 0x23, 0x00, 0x0a, 0x98, 0x23, 0x00, 0x0a, 0x98, 0x23, 0x00, 0x0a, 0x82, 0x23, 0x11, 0x40, 
  0x20, 0x64, 0x20, 0x64, 0x20, 0x64, 0x20, 0x64, 0x20, 0x64, 0x20, 0x64, 0x20, 0x64, 0x24, 0x20, 
  0x20, 0x83, 0x23, 0x00, 0x0a, 0x82, 0x23, 0x04, 0x20, 0x24, 0x20, 0x24, 0x20, 0x83, 0x23, 0x00, 
  0x0a, 0x82, 0x23, 0x11, 0x64, 0x20, 0x64, 0x20, 0x64, 0x20, 0x64, 0x20, 0x64, 0x20, 0x64, 0x20, 
  0x64, 0x20, 0x64, 0x24, 0x20, 0x20, 0x83, 0x23, 0x00, 0x0a, 0x82, 0x23, 0x8a, 0x20, 0x02, 0x24, 
  0x24, 0x2a, 0x87, 0x23, 0x00, 0x0a, 0x82, 0x23, 0x11, 0x64, 0x20, 0x64, 0x20, 0x64, 0x20, 0x64, 
  0x20, 0x64, 0x20, 0x23, 0x2a, 0x2a, 0x23, 0x23, 0x64, 0x20, 0x20, 0x83, 0x23, 0x00, 0x0a, 0x82, 
  0x23, 0x00, 0x2a, 0x89, 0x23, 0x01, 0x2a, 0x2a, 0x83, 0x23, 0x00, 0x2a, 0x83, 0x23, 0x00, 0x0a, 
  0x82, 0x23, 0x04, 0x2a, 0x23, 0x64, 0x2a, 0x2a, 0x85, 0x20, 0x06, 0x24, 0x24, 0x23, 0x64, 0x24, 
  0x64, 0x2a, 0x83, 0x23, 0x00, 0x0a, 0x82, 0x23, 0x03, 0x64, 0x23, 0x24, 0x2a, 0x83, 0x20, 0x00, 
  0x24, 0x82, 0x20, 0x05, 0x64, 0x20, 0x20, 0x2a, 0x64, 0x24, 0x83, 0x23, 0x00, 0x0a, 0x82, 0x23, 
  0x01, 0x64, 0x23, 0x84, 0x20, 0x82, 0x23, 0x85, 0x20, 0x01, 0x24, 0x20, 0x83, 0x23, 0x00, 0x0a, 
  0x82, 0x23, 0x86, 0x20, 0x02, 0x2a, 0x64, 0x2a, 0x84, 0x20, 0x02, 0x24, 0x20, 0x64, 0x83, 0x23, 
  0x00, 0x0a, 0x98, 0x23, 0x00, 0x0a, 0x98, 0x23, 0x00, 0x0a, 0x98, 0x23, 0x31, 0x0a, 0x54, 0x69, 
  0x74, 0x6c, 0x65, 0x3a, 0x20, 0x43, 0x72, 0x79, 0x73, 0x74, 0x61, 0x6c, 0x20, 0x43, 0x61, 0x76, 
  0x65, 0x73, 0x0a, 0x41, 0x75, 0x74, 0x68, 0x6f, 0x72, 0x3a, 0x20, 0x42, 0x72, 0x79, 0x61, 0x6e, 
  0x74, 0x20, 0x42, 0x72, 0x6f, 0x77, 0x6e, 0x65, 0x6c, 0x6c, 0x0a, 0x0a, 0x31, 0x34, 0x0a, 0x98, 
  0x23, 0x00, 0x0a, 0x98, 0x23, 0x00, 0x0a, 0x98, 0x23, 0x00, 0x0a, 0x92, 0x23, 0x01, 0x64, 0x64, 
  0x83, 0x23, 0x00, 0x0a, 0x83, 0x23, 0x04, 0x20, 0x24, 0x20, 0x20, 0x24, 0x82, 0x20, 0x00, 0x24, 
  0x87, 0x2a, 0x83, 0x23, 0x00, 0x0a, 0x82, 0x23, 0x03, 0x20, 0x24, 0x20, 0x23, 0x82, 0x20, 0x87, 
  0x23, 0x02, 0x24, 0x23, 0x2a, 0x83, 0x23, 0x00, 0x0a, 0x82, 0x23, 0x82, 0x20, 0x0e, 0x23, 0x23, 
  0x20, 0x20, 0x23, 0x23, 0x64, 0x24, 0x20, 0x2a, 0x64, 0x2a, 0x20, 0x23, 0x2a, 0x83, 0x23, 0x00, 
  0x0a, 0x82, 0x23, 0x01, 0x20, 0x24, 0x83, 0x20, 0x02, 0x24, 0x20, 0x23, 0x82, 0x2a, 0x05, 0x20, 
  0x2a, 0x20, 0x20, 0x23, 0x2a, 0x83, 0x23, 0x00, 0x0a, 0x82, 0x23, 0x0a, 0x20, 0x20, 0x23, 0x20, 
  0x23, 0x24, 0x20, 0x20, 0x23, 0x2a, 0x2a, 0x84, 0x20, 0x01, 0x23, 0x24, 0x83, 0x23, 0x00, 0x0a, 
  0x82, 0x23, 0x09, 0x20, 0x23, 0x20, 0x24, 0x23, 0x40, 0x24, 0x23, 0x23, 0x2a, 0x85, 0x20, 0x01, 
  0x24, 0x20, 0x83, 0x23, 0x00, 0x0a, 0x82, 0x23, 0x08, 0x20, 0x20, 0x24, 0x20, 0x23, 0x24, 0x20, 
  0x23, 0x23, 0x86, 0x20, 0x01, 0x24, 0x20, 0x83, 0x23, 0x00, 0x0a, 0x84, 0x23, 0x84, 0x20, 0x04, 
  0x23, 0x64, 0x24, 0x2a, 0x2a, 0x83, 0x20, 0x01, 0x24, 0x20, 0x83, 0x23, 0x00, 0x0a, 0x85, 0x23, 
  0x82, 0x20, 0x05, 0x23, 0x23, 0x64, 0x64, 0x2a, 0x2a, 0x83, 0x20, 0x01, 0x24, 0x20, 0x83, 0x23, 
  0x00, 0x0a, 0x98, 0x23, 0x00, 0x0a, 0x98, 0x23, 0x00, 0x0a, 0x98, 0x23, 0x33, 0x0a, 0x54, 0x69, 
  0x74, 0x6c, 0x65, 0x3a, 0x20, 0x49, 0x6e, 0x20, 0x49, 0x74, 0x20, 0x46, 0x6f, 0x72, 0x20, 0x54, 
  0x68, 0x65, 0x20, 0x4c, 0x6f, 0x6e, 0x67, 0x20, 0x48, 0x61, 0x6c, 0x6c, 0x0a, 0x41, 0x75, 0x74, 
  0x68, 0x6f, 0x72, 0x3a, 0x20, 0x50, 0x6f, 0x63, 0x6f, 0x4d, 0x61, 0x6e, 0x0a, 0x0a, 0x31, 0x35, 
  0x0a, 0x98, 0x23, 0x00, 0x0a, 0x98, 0x23, 0x00, 0x0a, 0x98, 0x23, 0x00, 0x0a, 0x85, 0x23, 0x83, 
  0x20, 0x01, 0x23, 0x64, 0x82, 0x2a, 0x86, 0x20, 0x82, 0x23, 0x00, 0x0a, 0x85, 0x23, 0x03, 0x20, 
  0x23, 0x23, 0x20, 0x83, 0x23, 0x00, 0x20, 0x85, 0x23, 0x00, 0x64, 0x82, 0x23, 0x00, 0x0a, 0x83, 
  0x23, 0x82, 0x20, 0x06, 0x24, 0x20, 0x20, 0x24, 0x40, 0x20, 0x23, 0x82, 0x20, 0x04, 0x64, 0x24, 
  0x20, 0x64, 0x24, 0x82, 0x23, 0x00, 0x0a, 0x83, 0x23, 0x0a, 0x20, 0x20, 0x24, 0x20, 0x20, 0x24, 
  0x20, 0x23, 0x20, 0x23, 0x24, 0x84, 0x20, 0x01, 0x24, 0x20, 0x82, 0x23, 0x00, 0x0a, 0x87, 0x23, 
  0x0d, 0x20, 0x20, 0x24, 0x20, 0x20, 0x23, 0x64, 0x2a, 0x20, 0x20, 0x64, 0x24, 0x2a, 0x2a, 0x82, 
  0x23, 0x00, 0x0a, 0x83, 0x23, 0x05, 0x2a, 0x20, 0x64, 0x23, 0x23, 0x64, 0x89, 0x23, 0x01, 0x2a, 
  0x2a, 0x82, 0x23, 0x00, 0x0a, 0x83, 0x23, 0x82, 0x24, 0x0a, 0x23, 0x23, 0x2a, 0x64, 0x23, 0x20, 
  0x24, 0x20, 0x20, 0x64, 0x2a, 0x83, 0x20, 0x82, 0x23, 0x00, 0x0a, 0x83, 0x23, 0x01, 0x20, 0x20, 
  0x83, 0x2a, 0x06, 0x64, 0x23, 0x20, 0x24, 0x20, 0x64, 0x23, 0x84, 0x20, 0x82, 0x23, 0x00, 0x0a, 
  0x83, 0x23, 0x00, 0x2a, 0x86, 0x23, 0x09, 0x20, 0x24, 0x20, 0x23, 0x23, 0x20, 0x20, 0x24, 0x24, 
  0x2a, 0x82, 0x23, 0x00, 0x0a, 0x83, 0x23, 0x11, 0x20, 0x64, 0x20, 0x64, 0x20, 0x64, 0x20, 0x64, 
  0x20, 0x24, 0x20, 0x64, 0x64, 0x20, 0x20, 0x2a, 0x2a, 0x64, 0x82, 0x23, 0x00, 0x0a, 0x98, 0x23, 
  0x00, 0x0a, 0x98, 0x23, 0x00, 0x0a, 0x98, 0x23, 0x34, 0x0a, 0x54, 0x69, 0x74, 0x6c, 0x65, 0x3a, 
  0x20, 0x44, 0x69, 0x61, 0x6d, 0x6f, 0x6e, 0x64, 0x20, 0x44, 0x75, 0x6e, 0x67, 0x65, 0x6f, 0x6e, 
  0x73, 0x0a, 0x41, 0x75, 0x74, 0x68, 0x6f, 0x72, 0x3a, 0x20, 0x42, 0x72, 0x79, 0x61, 0x6e, 0x74, 
  0x20, 0x42, 0x72, 0x6f, 0x77, 0x6e, 0x65, 0x6c, 0x6c, 0x0a, 0x0a, 0x31, 0x36, 0x0a, 0x98, 0x23, 
  0x00, 0x0a, 0x98, 0x23, 0x00, 0x0a, 0x98, 0x23, 0x00, 0x0a, 0x82, 0x23, 0x01, 0x2a, 0x2a, 0x83, 
  0x64, 0x82, 0x23, 0x01, 0x20, 0x20, 0x8a, 0x23, 0x00, 0x0a, 0x82, 0x23, 0x85, 0x2a, 0x02, 0x23, 
  0x20, 0x24, 0x88, 0x20, 0x83, 0x23, 0x00, 0x0a, 0x82, 0x23, 0x00, 0x2a, 0x82, 0x23, 0x83, 0x20, 
  0x06, 0x23, 0x20, 0x20, 0x24, 0x24, 0x20, 0x23, 0x82, 0x20, 0x83, 0x23, 0x00, 0x0a, 0x82, 0x23, 
  0x01, 0x2a, 0x23, 0x82, 0x20, 0x08, 0x24, 0x20, 0x23, 0x20, 0x20, 0x23, 0x20, 0x24, 0x20, 0x87, 
  0x23, 0x00, 0x0a, 0x82, 0x23, 0x0b, 0x2a, 0x23, 0x20, 0x23, 0x20, 0x24, 0x20, 0x24, 0x24, 0x20, 
  0x23, 0x20, 0x82, 0x23, 0x82, 0x2a, 0x83, 0x23, 0x00, 0x0a, 0x82, 0x23, 0x07, 0x2a, 0x23, 0x20, 
  0x20, 0x23, 0x24, 0x23, 0x23, 0x84, 0x20, 0x04, 0x23, 0x2a, 0x2a, 0x24, 0x2a, 0x83, 0x23, 0x00, 
  0x0a, 0x82, 0x23, 0x11, 0x2a, 0x23, 0x23, 0x20, 0x20, 0x24, 0x20, 0x24, 0x24, 0x23, 0x23, 0x20, 
  0x23, 0x23, 0x2a, 0x24, 0x24, 0x2a, 0x83, 0x23, 0x00, 0x0a, 0x82, 0x23, 0x03, 0x2a, 0x64, 0x23, 
  0x23, 0x85, 0x20, 0x07, 0x24, 0x20, 0x20, 0x23, 0x2a, 0x24, 0x24, 0x2a, 0x83, 0x23, 0x00, 0x0a, 
  0x82, 0x23, 0x82, 0x64, 0x82, 0x23, 0x01, 0x40, 0x20, 0x82, 0x23, 0x06, 0x24, 0x20, 0x23, 0x2a, 
  0x24, 0x24, 0x2a, 0x83, 0x23, 0x00, 0x0a, 0x82, 0x23, 0x84, 0x64, 0x85, 0x23, 0x02, 0x20, 0x20, 
  0x23, 0x83, 0x2a, 0x83, 0x23, 0x00, 0x0a, 0x98, 0x23, 0x00, 0x0a, 0x98, 0x23, 0x00, 0x0a, 0x98, 
  0x23, 0x26, 0x0a, 0x54, 0x69, 0x74, 0x6c, 0x65, 0x3a, 0x20, 0x4d, 0x69, 0x6e, 0x64, 0x20, 0x42, 
  0x6c, 0x6f, 0x63, 0x6b, 0x0a, 0x41, 0x75, 0x74, 0x68, 0x6f, 0x72, 0x3a, 0x20, 0x50, 0x6f, 0x63, 
  0x6f, 0x4d, 0x61, 0x6e, 0x0a, 0x0a, 0x31, 0x37, 0x0a, 0x98, 0x23, 0x00, 0x0a, 0x98, 0x23, 0x00, 
  0x0a, 0x98, 0x23, 0x00, 0x0a, 0x83, 0x23, 0x01, 0x64, 0x64, 0x89, 0x23, 0x83, 0x20, 0x00, 0x40, 
  0x83, 0x23, 0x00, 0x0a, 0x82, 0x23, 0x8b, 0x2a, 0x01, 0x64, 0x24, 0x83, 0x20, 0x83, 0x23, 0x00, 
  0x0a, 0x83, 0x23, 0x07, 0x2a, 0x23, 0x23, 0x24, 0x23, 0x24, 0x23, 0x24, 0x83, 0x23, 0x04, 0x20, 
  0x20, 0x24, 0x24, 0x20, 0x83, 0x23, 0x00, 0x0a, 0x82, 0x23, 0x08, 0x20, 0x24, 0x20, 0x24, 0x20, 
  0x24, 0x20, 0x24, 0x20, 0x83, 0x23, 0x04, 0x20, 0x23, 0x23, 0x20, 0x20, 0x83, 0x23, 0x00, 0x0a, 
  0x82, 0x23, 0x09, 0x20, 0x20, 0x2a, 0x2a, 0x20, 0x2a, 0x20, 0x2a, 0x64, 0x23, 0x82, 0x20, 0x02, 
  0x24, 0x24, 0x20, 0x85, 0x23, 0x00, 0x0a, 0x82, 0x23, 0x0b, 0x20, 0x64, 0x20, 0x20, 0x2a, 0x20, 
  0x64, 0x20, 0x20, 0x23, 0x20, 0x24, 0x83, 0x20, 0x01, 0x24, 0x20, 0x83, 0x23, 0x00, 0x0a, 0x82, 
  0x23, 0x01, 0x2a, 0x2a, 0x84, 0x20, 0x0a, 0x2a, 0x2a, 0x23, 0x23, 0x20, 0x24, 0x24, 0x20, 0x20, 
  0x24, 0x20, 0x83, 0x23, 0x00, 0x0a, 0x82, 0x23, 0x86, 0x20, 0x01, 0x24, 0x64, 0x82, 0x23, 0x05, 
  0x20, 0x20, 0x24, 0x24, 0x20, 0x20, 0x83, 0x23, 0x00, 0x0a, 0x82, 0x23, 0x00, 0x2a, 0x83, 0x20, 
  0x84, 0x23, 0x02, 0x64, 0x23, 0x23, 0x84, 0x20, 0x83, 0x23, 0x00, 0x0a, 0x82, 0x23, 0x01, 0x64, 
  0x24, 0x82, 0x20, 0x85, 0x2a, 0x02, 0x64, 0x23, 0x23, 0x82, 0x20, 0x84, 0x23, 0x00, 0x0a, 0x98, 
  0x23, 0x00, 0x0a, 0x98, 0x23, 0x00, 0x0a, 0x98, 0x23, 0x30, 0x0a, 0x54, 0x69, 0x74, 0x6c, 0x65, 
  0x3a, 0x20, 0x54, 0x68, 0x65, 0x20, 0x43, 0x6f, 0x72, 0x72, 0x69, 0x64, 0x6f, 0x72, 0x0a, 0x41, 
  0x75, 0x74, 0x68, 0x6f, 0x72, 0x3a, 0x20, 0x42, 0x72, 0x79, 0x61, 0x6e, 0x74, 0x20, 0x42, 0x72, 
  0x6f, 0x77, 0x6e, 0x65, 0x6c, 0x6c, 0x0a, 0x0a, 0x31, 0x38, 0x0a, 0x98, 0x23, 0x00, 0x0a, 0x98, 
  0x23, 0x00, 0x0a, 0x98, 0x23, 0x00, 0x0a, 0x82, 0x23, 0x00, 0x40, 0x8e, 0x20, 0x01, 0x64, 0x64, 
  0x83, 0x23, 0x00, 0x0a, 0x83, 0x23, 0x00, 0x2a, 0x8d, 0x20, 0x01, 0x24, 0x64, 0x83, 0x23, 0x00, 
  0x0a, 0x82, 0x23, 0x82, 0x2a, 0x8c, 0x20, 0x01, 0x24, 0x64, 0x83, 0x23, 0x00, 0x0a, 0x82, 0x23, 
  0x00, 0x64, 0x82, 0x2a, 0x8b, 0x20, 0x01, 0x24, 0x64, 0x83, 0x23, 0x00, 0x0a, 0x82, 0x23, 0x01, 
  0x2a, 0x2a, 0x8b, 0x23, 0x00, 0x2a, 0x86, 0x23, 0x00, 0x0a, 0x82, 0x23, 0x01, 0x2a, 0x2a, 0x87, 
  0x20, 0x01, 0x2a, 0x2a, 0x82, 0x20, 0x02, 0x24, 0x20, 0x24, 0x83, 0x23, 0x00, 0x0a, 0x82, 0x23, 
  0x89, 0x20, 0x00, 0x2a, 0x84, 0x20, 0x01, 0x24, 0x20, 0x83, 0x23, 0x00, 0x0a, 0x82, 0x23, 0x01, 
  0x64, 0x64, 0x84, 0x23, 0x82, 0x20, 0x8b, 0x23, 0x00, 0x0a, 0x85, 0x23, 0x00, 0x64, 0x82, 0x23, 
  0x82, 0x20, 0x00, 0x23, 0x86, 0x20, 0x83, 0x23, 0x00, 0x0a, 0x85, 0x23, 0x82, 0x20, 0x07, 0x2a, 
  0x20, 0x24, 0x20, 0x2a, 0x20, 0x24, 0x20, 0x82, 0x23, 0x00, 0x64, 0x83, 0x23, 0x00, 0x0a, 0x98, 
  0x23, 0x00, 0x0a, 0x98, 0x23, 0x00, 0x0a, 0x98, 0x23, 0x2e, 0x0a, 0x54, 0x69, 0x74, 0x6c, 0x65, 
  0x3a, 0x20, 0x44, 0x6f, 0x77, 0x6e, 0x20, 0x53, 0x6f, 0x75, 0x74, 0x68, 0x0a, 0x41, 0x75, 0x74, 
  0x68, 0x6f, 0x72, 0x3a, 0x20, 0x42, 0x72, 0x79, 0x61, 0x6e, 0x74, 0x20, 0x42, 0x72, 0x6f, 0x77, 
  0x6e, 0x65, 0x6c, 0x6c, 0x0a, 0x0a, 0x31, 0x39, 0x0a, 0x98, 0x23, 0x00, 0x0a, 0x98, 0x23, 0x00, 
  0x0a, 0x98, 0x23, 0x00, 0x0a, 0x84, 0x23, 0x00, 0x40, 0x8c, 0x20, 0x01, 0x2a, 0x64, 0x83, 0x23, 
  0x00, 0x0a, 0x82, 0x23, 0x01, 0x64, 0x2a, 0x84, 0x20, 0x01, 0x24, 0x24, 0x86, 0x20, 0x85, 0x23, 
  0x00, 0x0a, 0x84, 0x23, 0x01, 0x20, 0x20, 0x89, 0x2a, 0x03, 0x20, 0x20, 0x2a, 0x64, 0x83, 0x23, 
  0x00, 0x0a, 0x82, 0x23, 0x01, 0x64, 0x2a, 0x82, 0x20, 0x84, 0x24, 0x05, 0x20, 0x20, 0x24, 0x24, 
  0x20, 0x20, 0x85, 0x23, 0x00, 0x0a, 0x84, 0x23, 0x86, 0x20, 0x03, 0x24, 0x20, 0x20, 0x24, 0x82, 
  0x20, 0x01, 0x2a, 0x64, 0x83, 0x23, 0x00, 0x0a, 0x82, 0x23, 0x01, 0x64, 0x2a, 0x86, 0x20, 0x03, 
  0x24, 0x20, 0x20, 0x24, 0x82, 0x20, 0x85, 0x23, 0x00, 0x0a, 0x84, 0x23, 0x86, 0x20, 0x03, 0x24, 
  0x20, 0x20, 0x24, 0x82, 0x20, 0x01, 0x2a, 0x64, 0x83, 0x23, 0x00, 0x0a, 0x82, 0x23, 0x03, 0x64, 
  0x2a, 0x20, 0x20, 0x89, 0x2a, 0x01, 0x20, 0x20, 0x85, 0x23, 0x00, 0x0a, 0x84, 0x23, 0x83, 0x20, 
  0x00, 0x2a, 0x83, 0x20, 0x00, 0x2a, 0x83, 0x20, 0x01, 0x2a, 0x64, 0x83, 0x23, 0x00, 0x0a, 0x82, 
  0x23, 0x01, 0x64, 0x2a, 0x82, 0x20, 0x01, 0x23, 0x64, 0x83, 0x23, 0x01, 0x64, 0x23, 0x82, 0x20, 
  0x85, 0x23, 0x00, 0x0a, 0x98, 0x23, 0x00, 0x0a, 0x98, 0x23, 0x00, 0x0a, 0x98, 0x23, 0x32, 0x0a, 
  0x54, 0x69, 0x74, 0x6c, 0x65, 0x3a, 0x20, 0x57, 0x72, 0x69, 0x74, 0x65, 0x72, 0x27, 0x73, 0x20, 
  0x42, 0x6c, 0x6f, 0x63, 0x6b, 0x0a, 0x41, 0x75, 0x74, 0x68, 0x6f, 0x72, 0x3a, 0x20, 0x42, 0x72, 
  0x79, 0x61, 0x6e, 0x74, 0x20, 0x42, 0x72, 0x6f, 0x77, 0x6e, 0x65, 0x6c, 0x6c, 0x0a, 0x0a, 0x32, 
  0x30, 0x0a, 0x98, 0x23, 0x00, 0x0a, 0x98, 0x23, 0x00, 0x0a, 0x98, 0x23, 0x00, 0x0a, 0x82, 0x23, 
  0x03, 0x40, 0x20, 0x20, 0x23, 0x84, 0x20, 0x00, 0x23, 0x87, 0x20, 0x83, 0x23, 0x00, 0x0a, 0x82, 
  0x23, 0x09, 0x20, 0x24, 0x24, 0x2a, 0x20, 0x20, 0x24, 0x20, 0x20, 0x2a, 0x82, 0x20, 0x04, 0x24, 
  0x20, 0x24, 0x20, 0x20, 0x83, 0x23, 0x00, 0x0a, 0x83, 0x23, 0x01, 0x2a, 0x2a, 0x82, 0x23, 0x00, 
  0x2a, 0x82, 0x23, 0x02, 0x2a, 0x23, 0x2a, 0x83, 0x23, 0x00, 0x2a, 0x83, 0x23, 0x00, 0x0a, 0x82, 
  0x23, 0x83, 0x20, 0x01, 0x24, 0x2a, 0x82, 0x20, 0x05, 0x23, 0x2a, 0x23, 0x20, 0x23, 0x23, 0x82, 
  0x20, 0x83, 0x23, 0x00, 0x0a, 0x84, 0x23, 0x00, 0x2a, 0x83, 0x23, 0x86, 0x20, 0x00, 0x2a, 0x82, 
  0x20, 0x83, 0x23, 0x00, 0x0a, 0x82, 0x23, 0x82, 0x20, 0x83, 0x23, 0x07, 0x20, 0x24, 0x24, 0x20, 
  0x23, 0x2a, 0x23, 0x23, 0x82, 0x20, 0x83, 0x23, 0x00, 0x0a, 0x82, 0x23, 0x85, 0x20, 0x00, 0x2a, 
  0x83, 0x20, 0x00, 0x2a, 0x83, 0x20, 0x01, 0x23, 0x2a, 0x83, 0x23, 0x00, 0x0a, 0x82, 0x23, 0x01, 
  0x20, 0x20, 0x89, 0x23, 0x83, 0x20, 0x01, 0x23, 0x2a, 0x83, 0x23, 0x00, 0x0a, 0x82, 0x23, 0x02, 
  0x20, 0x20, 0x23, 0x83, 0x20, 0x05, 0x2a, 0x20, 0x24, 0x20, 0x23, 0x2a, 0x83, 0x23, 0x00, 0x2a, 
  0x83, 0x23, 0x00, 0x0a, 0x82, 0x23, 0x07, 0x64, 0x20, 0x2a, 0x20, 0x24, 0x20, 0x24, 0x2a, 0x86, 
  0x20, 0x02, 0x2a, 0x2a, 0x64, 0x83, 0x23, 0x00, 0x0a, 0x98, 0x23, 0x00, 0x0a, 0x98, 0x23, 0x00, 
  0x0a, 0x98, 0x23, 0x2e, 0x0a, 0x54, 0x69, 0x74, 0x6c, 0x65, 0x3a, 0x20, 0x41, 0x2d, 0x6d, 0x61, 
  0x7a, 0x65, 0x2d, 0x69, 0x6e, 0x67, 0x0a, 0x41, 0x75, 0x74, 0x68, 0x6f, 0x72, 0x3a, 0x20, 0x42, 
  0x72, 0x79, 0x61, 0x6e, 0x74, 0x20, 0x42, 0x72, 0x6f, 0x77, 0x6e, 0x65, 0x6c, 0x6c, 0x0a, 0x0a, 
  0x32, 0x31, 0x0a, 0x98, 0x23, 0x00, 0x0a, 0x98, 0x23, 0x00, 0x0a, 0x98, 0x23, 0x00, 0x0a, 0x82, 
  0x23, 0x02, 0x64, 0x23, 0x40, 0x88, 0x20, 0x82, 0x23, 0x02, 0x64, 0x20, 0x20, 0x83, 0x23, 0x00, 
  0x0a, 0x82, 0x23, 0x00, 0x64, 0x89, 0x23, 0x82, 0x20, 0x82, 0x23, 0x00, 0x2a, 0x83, 0x23, 0x00, 
  0x0a, 0x82, 0x23, 0x89, 0x2a, 0x02, 0x20, 0x24, 0x24, 0x84, 0x20, 0x83, 0x23, 0x00, 0x0a, 0x82, 
  0x23, 0x00, 0x64, 0x87, 0x23, 0x03, 0x20, 0x23, 0x20, 0x24, 0x82, 0x20, 0x01, 0x24, 0x24, 0x83, 
  0x23, 0x00, 0x0a, 0x82, 0x23, 0x86, 0x20, 0x0a, 0x64, 0x23, 0x20, 0x23, 0x20, 0x24, 0x20, 0x20, 
  0x24, 0x20, 0x20, 0x83, 0x23, 0x00, 0x0a, 0x87, 0x23, 0x06, 0x2a, 0x20, 0x20, 0x24, 0x20, 0x23, 
  0x24, 0x82, 0x20, 0x82, 0x24, 0x83, 0x23, 0x00, 0x0a, 0x82, 0x23, 0x83, 0x64, 0x04, 0x23, 0x64, 
  0x20, 0x20, 0x24, 0x82, 0x20, 0x00, 0x24, 0x84, 0x20, 0x83, 0x23, 0x00, 0x0a, 0x82, 0x23, 0x83, 
  0x20, 0x88, 0x23, 0x83, 0x20, 0x00, 0x24, 0x83, 0x23, 0x00, 0x0a, 0x82, 0x23, 0x83, 0x20, 0x00, 
  0x24, 0x85, 0x20, 0x01, 0x2a, 0x2a, 0x82, 0x20, 0x01, 0x24, 0x20, 0x83, 0x23, 0x00, 0x0a, 0x82, 
  0x23, 0x88, 0x20, 0x82, 0x2a, 0x82, 0x20, 0x02, 0x24, 0x20, 0x64, 0x83, 0x23, 0x00, 0x0a, 0x98, 
  0x23, 0x00, 0x0a, 0x98, 0x23, 0x00, 0x0a, 0x98, 0x23, 0x31, 0x0a, 0x54, 0x69, 0x74, 0x6c, 0x65, 
  0x3a, 0x20, 0x41, 0x2d, 0x62, 0x6f, 0x6d, 0x62, 0x2d, 0x69, 0x6e, 0x61, 0x62, 0x6c, 0x65, 0x0a, 
  0x41, 0x75, 0x74, 0x68, 0x6f, 0x72, 0x3a, 0x20, 0x42, 0x72, 0x79, 0x61, 0x6e, 0x74, 0x20, 0x42, 
  0x72, 0x6f, 0x77, 0x6e, 0x65, 0x6c, 0x6c, 0x0a, 0x0a, 0x32, 0x32, 0x0a, 0x98, 0x23, 0x00, 0x0a, 
  0x98, 0x23, 0x00, 0x0a, 0x98, 0x23, 0x00, 0x0a, 0x82, 0x23, 0x02, 0x64, 0x20, 0x20, 0x85, 0x2a, 
  0x02, 0x20, 0x2a, 0x2a, 0x84, 0x20, 0x00, 0x64, 0x83, 0x23, 0x00, 0x0a, 0x82, 0x23, 0x02, 0x64, 
  0x20, 0x20, 0x84, 0x23, 0x03, 0x2a, 0x20, 0x2a, 0x2a, 0x84, 0x20, 0x00, 0x64, 0x83, 0x23, 0x00, 
  0x0a, 0x8a, 0x23, 0x00, 0x2a, 0x8c, 0x23, 0x00, 0x0a, 0x82, 0x23, 0x11, 0x20, 0x24, 0x20, 0x20, 
  0x24, 0x20, 0x24, 0x20, 0x40, 0x20, 0x20, 0x24, 0x20, 0x24, 0x20, 0x20, 0x24, 0x20, 0x83, 0x23, 
  0x00, 0x0a, 0x82, 0x23, 0x06, 0x20, 0x20, 0x24, 0x20, 0x24, 0x20, 0x24, 0x83, 0x20, 0x06, 0x24, 
  0x20, 0x24, 0x20, 0x24, 0x20, 0x20, 0x83, 0x23, 0x00, 0x0a, 0x82, 0x23, 0x06, 0x20, 0x24, 0x20, 
  0x24, 0x20, 0x20, 0x24, 0x83, 0x20, 0x06, 0x24, 0x20, 0x20, 0x24, 0x20, 0x24, 0x20, 0x83, 0x23, 
  0x00, 0x0a, 0x82, 0x23, 0x06, 0x20, 0x24, 0x2a, 0x24, 0x20, 0x20, 0x24, 0x83, 0x20, 0x82, 0x24, 
  0x03, 0x20, 0x20, 0x24, 0x20, 0x83, 0x23, 0x00, 0x0a, 0x8a, 0x23, 0x84, 0x20, 0x04, 0x24, 0x20, 
  0x20, 0x24, 0x2a, 0x83, 0x23, 0x00, 0x0a, 0x82, 0x23, 0x02, 0x64, 0x20, 0x2a, 0x83, 0x64, 0x02, 
  0x23, 0x2a, 0x2a, 0x8b, 0x23, 0x00, 0x0a, 0x82, 0x23, 0x01, 0x64, 0x20, 0x88, 0x2a, 0x85, 0x20, 
  0x00, 0x64, 0x83, 0x23, 0x00, 0x0a, 0x98, 0x23, 0x00, 0x0a, 0x98, 0x23, 0x00, 0x0a, 0x98, 0x23, 
  0x30, 0x0a, 0x54, 0x69, 0x74, 0x6c, 0x65, 0x3a, 0x20, 0x42, 0x72, 0x61, 0x69, 0x6e, 0x20, 0x53, 
  0x70, 0x72, 0x61, 0x69, 0x6e, 0x0a, 0x41, 0x75, 0x74, 0x68, 0x6f, 0x72, 0x3a, 0x20, 0x42, 0x72, 
  0x79, 0x61, 0x6e, 0x74, 0x20, 0x42, 0x72, 0x6f, 0x77, 0x6e, 0x65, 0x6c, 0x6c, 0x0a, 0x0a, 0x32, 
  0x33, 0x0a, 0x98, 0x23, 0x00, 0x0a, 0x98, 0x23, 0x00, 0x0a, 0x98, 0x23, 0x00, 0x0a, 0x82, 0x23, 
  0x11, 0x40, 0x20, 0x24, 0x20, 0x24, 0x64, 0x23, 0x64, 0x20, 0x64, 0x20, 0x64, 0x20, 0x64, 0x20, 
  0x64, 0x20, 0x64, 0x83, 0x23, 0x00, 0x0a, 0x82, 0x23, 0x01, 0x20, 0x64, 0x82, 0x20, 0x0c, 0x2a, 
  0x2a, 0x20, 0x64, 0x20, 0x64, 0x20, 0x64, 0x20, 0x64, 0x20, 0x64, 0x20, 0x83, 0x23, 0x00, 0x0a, 
  0x82, 0x23, 0x11, 0x24, 0x20, 0x20, 0x24, 0x20, 0x2a, 0x23, 0x64, 0x20, 0x64, 0x20, 0x64, 0x20, 
  0x64, 0x20, 0x64, 0x20, 0x64, 0x83, 0x23, 0x00, 0x0a, 0x82, 0x23, 0x11, 0x20, 0x24, 0x20, 0x2a, 
  0x24, 0x20, 0x23, 0x20, 0x64, 0x20, 0x64, 0x20, 0x24, 0x20, 0x64, 0x20, 0x64, 0x20, 0x83, 0x23, 
  0x00, 0x0a, 0x82, 0x23, 0x11, 0x24, 0x20, 0x24, 0x2a, 0x20, 0x20, 0x23, 0x64, 0x20, 0x64, 0x20, 
  0x2a, 0x20, 0x64, 0x20, 0x64, 0x20, 0x64, 0x83, 0x23, 0x00, 0x0a, 0x86, 0x23, 0x00, 0x2a, 0x85, 
  0x23, 0x01, 0x2a, 0x2a, 0x88, 0x23, 0x00, 0x0a, 0x82, 0x23, 0x09, 0x2a, 0x20, 0x24, 0x20, 0x2a, 
  0x20, 0x24, 0x20, 0x24, 0x23, 0x82, 0x20, 0x00, 0x2a, 0x82, 0x20, 0x00, 0x64, 0x83, 0x23, 0x00, 
  0x0a, 0x82, 0x23, 0x83, 0x20, 0x01, 0x64, 0x20, 0x82, 0x2a, 0x04, 0x23, 0x2a, 0x20, 0x2a, 0x24, 
  0x83, 0x20, 0x83, 0x23, 0x00, 0x0a, 0x82, 0x23, 0x00, 0x2a, 0x83, 0x20, 0x0c, 0x2a, 0x20, 0x64, 
  0x20, 0x24, 0x20, 0x20, 0x64, 0x20, 0x2a, 0x20, 0x20, 0x2a, 0x83, 0x23, 0x00, 0x0a, 0x82, 0x23, 
  0x01, 0x64, 0x24, 0x82, 0x20, 0x00, 0x2a, 0x82, 0x20, 0x00, 0x23, 0x82, 0x20, 0x04, 0x24, 0x64, 
  0x20, 0x2a, 0x64, 0x83, 0x23, 0x00, 0x0a, 0x98, 0x23, 0x00, 0x0a, 0x98, 0x23, 0x00, 0x0a, 0x98, 
  0x23, 0x30, 0x0a, 0x54, 0x69, 0x74, 0x6c, 0x65, 0x3a, 0x20, 0x51, 0x75, 0x69, 0x6c, 0x74, 0x20, 
  0x42, 0x6c, 0x6f, 0x63, 0x6b, 0x73, 0x0a, 0x41, 0x75, 0x74, 0x68, 0x6f, 0x72, 0x3a, 0x20, 0x42, 
  0x72, 0x79, 0x61, 0x6e, 0x74, 0x20, 0x42, 0x72, 0x6f, 0x77, 0x6e, 0x65, 0x6c, 0x6c, 0x0a, 0x0a, 
  0x32, 0x34, 0x0a, 0x98, 0x23, 0x00, 0x0a, 0x98, 0x23, 0x00, 0x0a, 0x98, 0x23, 0x00, 0x0a, 0x82, 
  0x23, 0x82, 0x64, 0x8a, 0x2a, 0x83, 0x64, 0x83, 0x23, 0x00, 0x0a, 0x8a, 0x23, 0x01, 0x2a, 0x2a, 
  0x8b, 0x23, 0x00, 0x0a, 0x82, 0x23, 0x07, 0x20, 0x24, 0x20, 0x24, 0x20, 0x20, 0x24, 0x40, 0x84, 
  0x20, 0x04, 0x24, 0x20, 0x20, 0x24, 0x20, 0x83, 0x23, 0x00, 0x0a, 0x82, 0x23, 0x06, 0x20, 0x24, 
  0x2a, 0x24, 0x20, 0x20, 0x24, 0x84, 0x20, 0x05, 0x24, 0x20, 0x24, 0x20, 0x24, 0x2a, 0x83, 0x23, 
  0x00, 0x0a, 0x82, 0x23, 0x06, 0x20, 0x24, 0x20, 0x24, 0x24, 0x20, 0x24, 0x84, 0x20, 0x05, 0x24, 
  0x24, 0x20, 0x24, 0x20, 0x20, 0x83, 0x23, 0x00, 0x0a, 0x82, 0x23, 0x05, 0x20, 0x20, 0x24, 0x24, 
  0x20, 0x24, 0x84, 0x20, 0x06, 0x24, 0x20, 0x24, 0x20, 0x20, 0x24, 0x20, 0x83, 0x23, 0x00, 0x0a, 
  0x82, 0x23, 0x01, 0x20, 0x24, 0x82, 0x20, 0x00, 0x24, 0x84, 0x20, 0x06, 0x24, 0x20, 0x24, 0x20, 
  0x20, 0x24, 0x20, 0x83, 0x23, 0x00, 0x0a, 0x8a, 0x23, 0x83, 0x20, 0x05, 0x24, 0x20, 0x24, 0x20, 
  0x24, 0x20, 0x83, 0x23, 0x00, 0x0a, 0x82, 0x23, 0x02, 0x64, 0x20, 0x2a, 0x83, 0x64, 0x02, 0x23, 
  0x2a, 0x2a, 0x8b, 0x23, 0x00, 0x0a, 0x82, 0x23, 0x01, 0x64, 0x20, 0x88, 0x2a, 0x85, 0x20, 0x00, 
  0x64, 0x83, 0x23, 0x00, 0x0a, 0x98, 0x23, 0x00, 0x0a, 0x98, 0x23, 0x00, 0x0a, 0x98, 0x23, 0x2c, 
  0x0a, 0x54, 0x69, 0x74, 0x6c, 0x65, 0x3a, 0x20, 0x44, 0x65, 0x6a, 0x61, 0x20, 0x76, 0x75, 0x3f, 
  0x0a, 0x41, 0x75, 0x74, 0x68, 0x6f, 0x72, 0x3a, 0x20, 0x42, 0x72, 0x79, 0x61, 0x6e, 0x74, 0x20, 
  0x42, 0x72, 0x6f, 0x77, 0x6e, 0x65, 0x6c, 0x6c, 0x0a, 0x0a, 0x32, 0x35, 0x0a, 0x98, 0x23, 0x00, 
  0x0a, 0x98, 0x23, 0x00, 0x0a, 0x98, 0x23, 0x00, 0x0a, 0x82, 0x23, 0x02, 0x24, 0x2a, 0x24, 0x86, 
  0x23, 0x00, 0x64, 0x85, 0x20, 0x00, 0x2a, 0x83, 0x23, 0x00, 0x0a, 0x86, 0x23, 0x04, 0x20, 0x20, 
  0x23, 0x20, 0x20, 0x84, 0x23, 0x82, 0x24, 0x00, 0x20, 0x83, 0x23, 0x00, 0x0a, 0x83, 0x23, 0x83, 
  0x20, 0x00, 0x24, 0x82, 0x20, 0x00, 0x23, 0x82, 0x20, 0x00, 0x23, 0x83, 0x20, 0x83, 0x23, 0x00, 
  0x0a, 0x83, 0x23, 0x0b, 0x20, 0x20, 0x23, 0x23, 0x20, 0x23, 0x23, 0x20, 0x24, 0x24, 0x23, 0x20, 
  0x83, 0x23, 0x00, 0x2a, 0x83, 0x23, 0x00, 0x0a, 0x84, 0x23, 0x07, 0x20, 0x23, 0x23, 0x20, 0x20, 
  0x23, 0x20, 0x23, 0x84, 0x20, 0x02, 0x64, 0x23, 0x2a, 0x83, 0x23, 0x00, 0x0a, 0x82, 0x23, 0x0c, 
  0x20, 0x20, 0x24, 0x20, 0x20, 0x24, 0x20, 0x20, 0x24, 0x23, 0x24, 0x20, 0x23, 0x84, 0x20, 0x83, 
  0x23, 0x00, 0x0a, 0x82, 0x23, 0x82, 0x20, 0x06, 0x23, 0x20, 0x20, 0x23, 0x23, 0x20, 0x23, 0x87, 
  0x20, 0x83, 0x23, 0x00, 0x0a, 0x83, 0x23, 0x00, 0x20, 0x82, 0x23, 0x03, 0x20, 0x23, 0x20, 0x40, 
  0x83, 0x20, 0x00, 0x23, 0x83, 0x2a, 0x83, 0x23, 0x00, 0x0a, 0x82, 0x23, 0x07, 0x20, 0x20, 0x24, 
  0x20, 0x20, 0x24, 0x20, 0x20, 0x82, 0x23, 0x03, 0x2a, 0x2a, 0x23, 0x20, 0x82, 0x2a, 0x83, 0x23, 
  0x00, 0x0a, 0x82, 0x23, 0x82, 0x20, 0x00, 0x23, 0x82, 0x20, 0x06, 0x23, 0x23, 0x64, 0x2a, 0x2a, 
  0x64, 0x23, 0x83, 0x64, 0x83, 0x23, 0x00, 0x0a, 0x98, 0x23, 0x00, 0x0a, 0x98, 0x23, 0x00, 0x0a, 
  0x98, 0x23, 0x31, 0x0a, 0x54, 0x69, 0x74, 0x6c, 0x65, 0x3a, 0x20, 0x49, 0x74, 0x27, 0x73, 0x20, 
  0x61, 0x20, 0x4f, 0x6e, 0x65, 0x20, 0x57, 0x61, 0x79, 0x20, 0x53, 0x74, 0x72, 0x65, 0x65, 0x74, 
  0x0a, 0x41, 0x75, 0x74, 0x68, 0x6f, 0x72, 0x3a, 0x20, 0x50, 0x6f, 0x63, 0x6f, 0x4d, 0x61, 0x6e, 
  0x0a, 0x0a, 0x32, 0x36, 0x0a, 0x98, 0x23, 0x00, 0x0a, 0x98, 0x23, 0x00, 0x0a, 0x98, 0x23, 0x00, 
  0x0a, 0x82, 0x23, 0x82, 0x20, 0x85, 0x23, 0x00, 0x64, 0x82, 0x2a, 0x03, 0x23, 0x23, 0x64, 0x64, 
  0x84, 0x23, 0x00, 0x0a, 0x82, 0x23, 0x04, 0x20, 0x24, 0x20, 0x23, 0x23, 0x82, 0x20, 0x82, 0x23, 
  0x85, 0x2a, 0x00, 0x64, 0x83, 0x23, 0x00, 0x0a, 0x82, 0x23, 0x0b, 0x20, 0x24, 0x20, 0x20, 0x40, 
  0x24, 0x24, 0x20, 0x23, 0x2a, 0x23, 0x64, 0x84, 0x2a, 0x00, 0x64, 0x83, 0x23, 0x00, 0x0a, 0x83, 
  0x23, 0x00, 0x20, 0x82, 0x23, 0x82, 0x20, 0x87, 0x23, 0x00, 0x2a, 0x84, 0x23, 0x00, 0x0a, 0x83, 
  0x23, 0x01, 0x20, 0x23, 0x82, 0x20, 0x82, 0x23, 0x82, 0x20, 0x00, 0x23, 0x83, 0x20, 0x84, 0x23, 
  0x00, 0x0a, 0x83, 0x23, 0x01, 0x20, 0x23, 0x85, 0x20, 0x03, 0x24, 0x20, 0x20, 0x23, 0x82, 0x24, 
  0x00, 0x20, 0x84, 0x23, 0x00, 0x0a, 0x82, 0x23, 0x01, 0x20, 0x20, 0x82, 0x23, 0x00, 0x20, 0x82, 
  0x23, 0x07, 0x20, 0x20, 0x23, 0x23, 0x20, 0x24, 0x20, 0x20, 0x84, 0x23, 0x00, 0x0a, 0x82, 0x23, 
  0x01, 0x20, 0x24, 0x82, 0x20, 0x04, 0x24, 0x20, 0x23, 0x20, 0x20, 0x82, 0x23, 0x02, 0x20, 0x23, 
  0x20, 0x85, 0x23, 0x00, 0x0a, 0x82, 0x23, 0x09, 0x20, 0x20, 0x23, 0x23, 0x20, 0x24, 0x20, 0x23, 
  0x20, 0x24, 0x82, 0x20, 0x03, 0x24, 0x20, 0x24, 0x20, 0x84, 0x23, 0x00, 0x0a, 0x86, 0x23, 0x82, 
  0x20, 0x00, 0x23, 0x82, 0x20, 0x00, 0x23, 0x84, 0x20, 0x84, 0x23, 0x00, 0x0a, 0x98, 0x23, 0x00, 
  0x0a, 0x98, 0x23, 0x00, 0x0a, 0x98, 0x23, 0x27, 0x0a, 0x54, 0x69, 0x74, 0x6c, 0x65, 0x3a, 0x20, 
  0x54, 0x68, 0x65, 0x20, 0x4c, 0x61, 0x73, 0x74, 0x20, 0x4c, 0x61, 0x75, 0x67, 0x68, 0x0a, 0x41, 
  0x75, 0x74, 0x68, 0x6f, 0x72, 0x3a, 0x20, 0x50, 0x6f, 0x63, 0x6f, 0x4d, 0x61, 0x6e, 0x0a, 0x0a
};

// bips_gold.bip, 4588 bytes of level text run length encoded to 2765
const unsigned char levelpack_bips_gold[] PLATFORM_PROGMEM  = {
  0x2f, 0x44, 0x61, 0x74, 0x65, 0x20, 0x6f, 0x66, 0x20, 0x4c, 0x61, 0x73, 0x74, 0x20, 0x43, 0x68, 
  0x61, 0x6e, 0x67, 0x65, 0x3a, 0x20, 0x32, 0x30, 0x32, 0x35, 0x2e, 0x31, 0x32, 0x2e, 0x31, 0x31, 
  0x20, 0x2d, 0x20, 0x31, 0x35, 0x3a, 0x33, 0x32, 0x3a, 0x32, 0x33, 0x0a, 0x0a, 0x53, 0x65, 0x74, 
  0x3a, 0x86, 0x20, 0x17, 0x42, 0x69, 0x70, 0x73, 0x20, 0x47, 0x6f, 0x6c, 0x64, 0x20, 0x4c, 0x65, 
  0x76, 0x65, 0x6c, 0x73, 0x0a, 0x41, 0x75, 0x74, 0x68, 0x6f, 0x72, 0x3a, 0x83, 0x20, 0x15, 0x42, 
  0x72, 0x79, 0x61, 0x6e, 0x74, 0x20, 0x42, 0x72, 0x6f, 0x77, 0x6e, 0x65, 0x6c, 0x6c, 0x0a, 0x45, 
  0x6d, 0x61, 0x69, 0x6c, 0x3a, 0x84, 0x20, 0x26, 0x62, 0x72, 0x79, 0x61, 0x6e, 0x74, 0x2e, 0x62, 
  0x72, 0x6f, 0x77, 0x6e, 0x65, 0x6c, 0x6c, 0x40, 0x67, 0x6d, 0x61, 0x69, 0x6c, 0x2e, 0x63, 0x6f, 
  0x6d, 0x0a, 0x48, 0x6f, 0x6d, 0x65, 0x70, 0x61, 0x67, 0x65, 0x3a, 0x20, 0x20, 0x0a, 0x0a, 0xd6, 
  0x3a, 0x5a, 0x0a, 0x0a, 0x47, 0x65, 0x6e, 0x65, 0x72, 0x61, 0x74, 0x65, 0x64, 0x20, 0x66, 0x72, 
  0x6f, 0x6d, 0x20, 0x6d, 0x75, 0x6c, 0x74, 0x69, 0x70, 0x6c, 0x65, 0x20, 0x2a, 0x2e, 0x6c, 0x65, 
  0x76, 0x20, 0x66, 0x6f, 0x72, 0x6d, 0x61, 0x74, 0x20, 0x74, 0x6f, 0x20, 0x2e, 0x62, 0x69, 0x70, 
  0x20, 0x66, 0x6f, 0x72, 0x6d, 0x61, 0x74, 0x20, 0x66, 0x6f, 0x72, 0x20, 0x64, 0x65, 0x73, 0x63, 
  0x72, 0x69, 0x70, 0x74, 0x69, 0x6f, 0x6e, 0x20, 0x73, 0x65, 0x65, 0x20, 0x62, 0x6c, 0x69, 0x70, 
  0x73, 0x20, 0x72, 0x65, 0x61, 0x64, 0x6d, 0x65, 0x2e, 0x6d, 0x64, 0x0a, 0x0a, 0xd6, 0x3a, 0x03, 
  0x0a, 0x0a, 0x31, 0x0a, 0x98, 0x23, 0x00, 0x0a, 0x98, 0x23, 0x00, 0x0a, 0x98, 0x23, 0x00, 0x0a, 
  0x98, 0x23, 0x00, 0x0a, 0x83, 0x23, 0x00, 0x40, 0x83, 0x23, 0x05, 0x64, 0x2a, 0x20, 0x2a, 0x20, 
  0x2a, 0x82, 0x20, 0x01, 0x24, 0x20, 0x84, 0x23, 0x00, 0x0a, 0x83, 0x23, 0x03, 0x20, 0x23, 0x20, 
  0x20, 0x82, 0x23, 0x08, 0x24, 0x23, 0x24, 0x23, 0x64, 0x20, 0x64, 0x23, 0x20, 0x84, 0x23, 0x00, 
  0x0a, 0x83, 0x23, 0x04, 0x20, 0x24, 0x20, 0x20, 0x23, 0x82, 0x20, 0x07, 0x23, 0x20, 0x23, 0x23, 
  0x20, 0x20, 0x2a, 0x20, 0x84, 0x23, 0x00, 0x0a, 0x86, 0x23, 0x0c, 0x2a, 0x23, 0x20, 0x23, 0x20, 
  0x23, 0x20, 0x20, 0x23, 0x20, 0x23, 0x23, 0x20, 0x84, 0x23, 0x00, 0x0a, 0x83, 0x23, 0x0f, 0x64, 
  0x2a, 0x23, 0x20, 0x64, 0x20, 0x23, 0x20, 0x23, 0x23, 0x2a, 0x23, 0x20, 0x20, 0x64, 0x20, 0x84, 
  0x23, 0x00, 0x0a, 0x84, 0x23, 0x00, 0x2a, 0x84, 0x23, 0x06, 0x20, 0x23, 0x23, 0x20, 0x23, 0x23, 
  0x20, 0x86, 0x23, 0x00, 0x0a, 0x83, 0x23, 0x02, 0x64, 0x20, 0x24, 0x84, 0x20, 0x03, 0x24, 0x20, 
  0x20, 0x24, 0x82, 0x20, 0x85, 0x23, 0x00, 0x0a, 0x84, 0x23, 0x01, 0x20, 0x20, 0x85, 0x23, 0x02, 
  0x20, 0x64, 0x23, 0x82, 0x20, 0x85, 0x23, 0x00, 0x0a, 0x98, 0x23, 0x00, 0x0a, 0x98, 0x23, 0x00, 
  0x0a, 0x98, 0x23, 0x00, 0x0a, 0x98, 0x23, 0x31, 0x0a, 0x54, 0x69, 0x74, 0x6c, 0x65, 0x3a, 0x20, 
  0x47, 0x6f, 0x6f, 0x6c, 0x64, 0x20, 0x4f, 0x6c, 0x27, 0x20, 0x42, 0x69, 0x70, 0x73, 0x0a, 0x41, 
  0x75, 0x74, 0x68, 0x6f, 0x72, 0x3a, 0x20, 0x42, 0x72, 0x79, 0x61, 0x6e, 0x74, 0x20, 0x42, 0x72, 
  0x6f, 0x77, 0x6e, 0x65, 0x6c, 0x6c, 0x0a, 0x0a, 0x32, 0x0a, 0x98, 0x23, 0x00, 0x0a, 0x98, 0x23, 
  0x00, 0x0a, 0x98, 0x23, 0x00, 0x0a, 0x82, 0x23, 0x00, 0x40, 0x85, 0x20, 0x00, 0x2a, 0x83, 0x20, 
  0x00, 0x2a, 0x83, 0x20, 0x84, 0x23, 0x00, 0x0a, 0x83, 0x23, 0x03, 0x20, 0x64, 0x20, 0x2a, 0x88, 
  0x20, 0x02, 0x2a, 0x24, 0x20, 0x84, 0x23, 0x00, 0x0a, 0x83, 0x23, 0x01, 0x20, 0x64, 0x85, 0x20, 
  0x00, 0x2a, 0x85, 0x20, 0x00, 0x24, 0x84, 0x23, 0x00, 0x0a, 0x83, 0x23, 0x00, 0x64, 0x82, 0x20, 
  0x02, 0x2a, 0x20, 0x2a, 0x84, 0x20, 0x03, 0x2a, 0x20, 0x20, 0x24, 0x84, 0x23, 0x00, 0x0a, 0x84, 
  0x23, 0x01, 0x2a, 0x64, 0x89, 0x20, 0x01, 0x2a, 0x20, 0x85, 0x23, 0x00, 0x0a, 0x84, 0x23, 0x06, 
  0x64, 0x2a, 0x20, 0x20, 0x64, 0x20, 0x2a, 0x82, 0x20, 0x03, 0x2a, 0x20, 0x20, 0x2a, 0x85, 0x23, 
  0x00, 0x0a, 0x84, 0x23, 0x08, 0x64, 0x20, 0x2a, 0x64, 0x20, 0x24, 0x20, 0x24, 0x2a, 0x82, 0x20, 
  0x01, 0x2a, 0x64, 0x85, 0x23, 0x00, 0x0a, 0x86, 0x23, 0x0a, 0x20, 0x64, 0x2a, 0x24, 0x20, 0x20, 
  0x24, 0x20, 0x2a, 0x2a, 0x64, 0x86, 0x23, 0x00, 0x0a, 0x87, 0x23, 0x08, 0x64, 0x20, 0x2a, 0x20, 
  0x2a, 0x24, 0x23, 0x23, 0x64, 0x87, 0x23, 0x00, 0x0a, 0x98, 0x23, 0x00, 0x0a, 0x98, 0x23, 0x00, 
  0x0a, 0x98, 0x23, 0x00, 0x0a, 0x98, 0x23, 0x2b, 0x0a, 0x54, 0x69, 0x74, 0x6c, 0x65, 0x3a, 0x20, 
  0x46, 0x69, 0x73, 0x68, 0x62, 0x6f, 0x77, 0x6c, 0x0a, 0x41, 0x75, 0x74, 0x68, 0x6f, 0x72, 0x3a, 
  0x20, 0x42, 0x72, 0x79, 0x61, 0x6e, 0x74, 0x20, 0x42, 0x72, 0x6f, 0x77, 0x6e, 0x65, 0x6c, 0x6c, 
  0x0a, 0x0a, 0x33, 0x0a, 0x98, 0x23, 0x00, 0x0a, 0x98, 0x23, 0x00, 0x0a, 0x98, 0x23, 0x00, 0x0a, 
  0x82, 0x23, 0x0c, 0x64, 0x23, 0x64, 0x23, 0x20, 0x20, 0x23, 0x20, 0x2a, 0x64, 0x2a, 0x20, 0x24, 
  0x82, 0x20, 0x01, 0x2a, 0x64, 0x83, 0x23, 0x00, 0x0a, 0x82, 0x23, 0x83, 0x2a, 0x03, 0x20, 0x20, 
  0x24, 0x20, 0x82, 0x2a, 0x05, 0x20, 0x24, 0x20, 0x20, 0x2a, 0x2a, 0x84, 0x23, 0x00, 0x0a, 0x82, 
  0x23, 0x00, 0x2a, 0x84, 0x20, 0x00, 0x24, 0x84, 0x20, 0x04, 0x24, 0x20, 0x20, 0x2a, 0x2a, 0x84, 
  0x23, 0x00, 0x0a, 0x82, 0x23, 0x00, 0x2a, 0x84, 0x20, 0x00, 0x24, 0x84, 0x20, 0x00, 0x23, 0x82, 
  0x2a, 0x00, 0x64, 0x84, 0x23, 0x00, 0x0a, 0x89, 0x23, 0x04, 0x20, 0x20, 0x40, 0x20, 0x20, 0x89, 
  0x23, 0x00, 0x0a, 0x82, 0x23, 0x02, 0x64, 0x20, 0x24, 0x82, 0x20, 0x00, 0x2a, 0x87, 0x20, 0x02, 
  0x24, 0x20, 0x64, 0x83, 0x23, 0x00, 0x0a, 0x82, 0x23, 0x01, 0x20, 0x24, 0x8d, 0x20, 0x01, 0x24, 
  0x20, 0x83, 0x23, 0x00, 0x0a, 0x82, 0x23, 0x00, 0x24, 0x82, 0x20, 0x89, 0x23, 0x82, 0x20, 0x00, 
  0x24, 0x83, 0x23, 0x00, 0x0a, 0x82, 0x23, 0x83, 0x20, 0x09, 0x2a, 0x24, 0x20, 0x64, 0x23, 0x23, 
  0x64, 0x20, 0x24, 0x2a, 0x83, 0x20, 0x83, 0x23, 0x00, 0x0a, 0x82, 0x23, 0x04, 0x2a, 0x24, 0x20, 
  0x20, 0x2a, 0x82, 0x20, 0x01, 0x23, 0x23, 0x82, 0x20, 0x04, 0x2a, 0x20, 0x20, 0x24, 0x2a, 0x83, 
  0x23, 0x00, 0x0a, 0x98, 0x23, 0x00, 0x0a, 0x98, 0x23, 0x00, 0x0a, 0x98, 0x23, 0x2e, 0x0a, 0x54, 
  0x69, 0x74, 0x6c, 0x65, 0x3a, 0x20, 0x52, 0x75, 0x69, 0x6e, 0x65, 0x64, 0x20, 0x43, 0x69, 0x74, 
  0x79, 0x0a, 0x41, 0x75, 0x74, 0x68, 0x6f, 0x72, 0x3a, 0x20, 0x42, 0x72, 0x79, 0x61, 0x6e, 0x74, 
  0x20, 0x42, 0x72, 0x6f, 0x77, 0x6e, 0x65, 0x6c, 0x6c, 0x0a, 0x0a, 0x34, 0x0a, 0x98, 0x23, 0x00, 
  0x0a, 0x98, 0x23, 0x00, 0x0a, 0x98, 0x23, 0x00, 0x0a, 0x82, 0x23, 0x00, 0x40, 0x90, 0x20, 0x83, 
  0x23, 0x00, 0x0a, 0x82, 0x23, 0x04, 0x20, 0x20, 0x23, 0x23, 0x24, 0x82, 0x23, 0x00, 0x24, 0x82, 
  0x23, 0x00, 0x24, 0x83, 0x23, 0x00, 0x20, 0x83, 0x23, 0x00, 0x0a, 0x82, 0x23, 0x02, 0x20, 0x23, 
  0x23, 0x82, 0x20, 0x0b, 0x23, 0x23, 0x20, 0x23, 0x20, 0x23, 0x20, 0x20, 0x24, 0x20, 0x23, 0x20, 
  0x83, 0x23, 0x00, 0x0a, 0x82, 0x23, 0x04, 0x20, 0x23, 0x20, 0x20, 0x23, 0x85, 0x20, 0x03, 0x24, 
  0x20, 0x20, 0x23, 0x82, 0x20, 0x83, 0x23, 0x00, 0x0a, 0x82, 0x23, 0x02, 0x20, 0x24, 0x20, 0x82, 
  0x23, 0x00, 0x24, 0x82, 0x23, 0x07, 0x24, 0x23, 0x23, 0x20, 0x23, 0x23, 0x2a, 0x2a, 0x83, 0x23, 
  0x00, 0x0a, 0x82, 0x23, 0x04, 0x20, 0x23, 0x20, 0x20, 0x23, 0x82, 0x20, 0x00, 0x23, 0x82, 0x20, 
  0x05, 0x23, 0x20, 0x20, 0x23, 0x2a, 0x64, 0x83, 0x23, 0x00, 0x0a, 0x82, 0x23, 0x01, 0x20, 0x23, 
  0x83, 0x20, 0x0b, 0x23, 0x24, 0x23, 0x20, 0x23, 0x20, 0x23, 0x23, 0x20, 0x23, 0x2a, 0x2a, 0x83, 
  0x23, 0x00, 0x0a, 0x82, 0x23, 0x03, 0x20, 0x23, 0x23, 0x24, 0x82, 0x23, 0x03, 0x20, 0x24, 0x20, 
  0x23, 0x83, 0x20, 0x02, 0x24, 0x20, 0x20, 0x83, 0x23, 0x00, 0x0a, 0x82, 0x23, 0x01, 0x20, 0x23, 
  0x82, 0x20, 0x02, 0x23, 0x20, 0x20, 0x82, 0x23, 0x00, 0x24, 0x84, 0x23, 0x00, 0x20, 0x83, 0x23, 
  0x00, 0x0a, 0x82, 0x23, 0x84, 0x20, 0x00, 0x2a, 0x85, 0x20, 0x05, 0x2a, 0x20, 0x2a, 0x20, 0x2a, 
  0x20, 0x83, 0x23, 0x00, 0x0a, 0x98, 0x23, 0x00, 0x0a, 0x98, 0x23, 0x00, 0x0a, 0x98, 0x23, 0x30, 
  0x0a, 0x54, 0x69, 0x74, 0x6c, 0x65, 0x3a, 0x20, 0x50, 0x65, 0x6e, 0x74, 0x6f, 0x6d, 0x69, 0x6e, 
  0x6f, 0x20, 0x46, 0x75, 0x6e, 0x0a, 0x41, 0x75, 0x74, 0x68, 0x6f, 0x72, 0x3a, 0x20, 0x42, 0x72, 
  0x79, 0x61, 0x6e, 0x74, 0x20, 0x42, 0x72, 0x6f, 0x77, 0x6e, 0x65, 0x6c, 0x6c, 0x0a, 0x0a, 0x35, 
  0x0a, 0x98, 0x23, 0x00, 0x0a, 0x98, 0x23, 0x00, 0x0a, 0x98, 0x23, 0x00, 0x0a, 0x82, 0x23, 0x00, 
  0x64, 0x83, 0x2a, 0x08, 0x24, 0x2a, 0x24, 0x2a, 0x24, 0x2a, 0x24, 0x2a, 0x24, 0x82, 0x2a, 0x00, 
  0x64, 0x83, 0x23, 0x00, 0x0a, 0x82, 0x23, 0x83, 0x2a, 0x0a, 0x23, 0x2a, 0x24, 0x2a, 0x24, 0x2a, 
  0x24, 0x2a, 0x24, 0x2a, 0x23, 0x82, 0x2a, 0x83, 0x23, 0x00, 0x0a, 0x82, 0x23, 0x82, 0x2a, 0x0e, 
  0x23, 0x2a, 0x24, 0x2a, 0x24, 0x2a, 0x24, 0x2a, 0x24, 0x2a, 0x24, 0x2a, 0x23, 0x2a, 0x2a, 0x83, 
  0x23, 0x00, 0x0a, 0x82, 0x23, 0x11, 0x2a, 0x2a, 0x23, 0x2a, 0x24, 0x2a, 0x24, 0x2a, 0x24, 0x2a, 
  0x24, 0x2a, 0x24, 0x2a, 0x24, 0x2a, 0x23, 0x2a, 0x83, 0x23, 0x00, 0x0a, 0x82, 0x23, 0x82, 0x2a, 
  0x0e, 0x24, 0x2a, 0x24, 0x2a, 0x24, 0x40, 0x20, 0x2a, 0x24, 0x2a, 0x24, 0x2a, 0x24, 0x2a, 0x2a, 
  0x83, 0x23, 0x00, 0x0a, 0x82, 0x23, 0x11, 0x2a, 0x2a, 0x23, 0x2a, 0x24, 0x2a, 0x24, 0x2a, 0x20, 
  0x20, 0x24, 0x2a, 0x24, 0x2a, 0x24, 0x2a, 0x23, 0x2a, 0x83, 0x23, 0x00, 0x0a, 0x82, 0x23, 0x82, 
  0x2a, 0x0e, 0x23, 0x2a, 0x24, 0x2a, 0x24, 0x2a, 0x24, 0x2a, 0x24, 0x2a, 0x24, 0x2a, 0x23, 0x2a, 
  0x2a, 0x83, 0x23, 0x00, 0x0a, 0x82, 0x23, 0x83, 0x2a, 0x0a, 0x23, 0x2a, 0x24, 0x2a, 0x24, 0x2a, 
  0x24, 0x2a, 0x24, 0x2a, 0x23, 0x82, 0x2a, 0x83, 0x23, 0x00, 0x0a, 0x82, 0x23, 0x84, 0x2a, 0x08, 
  0x23, 0x2a, 0x24, 0x2a, 0x24, 0x2a, 0x24, 0x2a, 0x23, 0x83, 0x2a, 0x83, 0x23, 0x00, 0x0a, 0x82, 
  0x23, 0x00, 0x64, 0x84, 0x2a, 0x06, 0x24, 0x2a, 0x24, 0x2a, 0x24, 0x2a, 0x24, 0x83, 0x2a, 0x00, 
  0x64, 0x83, 0x23, 0x00, 0x0a, 0x98, 0x23, 0x00, 0x0a, 0x98, 0x23, 0x00, 0x0a, 0x98, 0x23, 0x2c, 
  0x0a, 0x54, 0x69, 0x74, 0x6c, 0x65, 0x3a, 0x20, 0x53, 0x75, 0x62, 0x6d, 0x61, 0x72, 0x69, 0x6e, 
  0x65, 0x0a, 0x41, 0x75, 0x74, 0x68, 0x6f, 0x72, 0x3a, 0x20, 0x42, 0x72, 0x79, 0x61, 0x6e, 0x74, 
  0x20, 0x42, 0x72, 0x6f, 0x77, 0x6e, 0x65, 0x6c, 0x6c, 0x0a, 0x0a, 0x36, 0x0a, 0x98, 0x23, 0x00, 
  0x0a, 0x98, 0x23, 0x00, 0x0a, 0x98, 0x23, 0x00, 0x0a, 0x82, 0x23, 0x00, 0x64, 0x83, 0x20, 0x04, 
  0x23, 0x64, 0x23, 0x20, 0x24, 0x82, 0x20, 0x04, 0x2a, 0x20, 0x23, 0x40, 0x20, 0x83, 0x23, 0x00, 
  0x0a, 0x84, 0x23, 0x0f, 0x2a, 0x23, 0x24, 0x23, 0x2a, 0x23, 0x20, 0x23, 0x20, 0x23, 0x20, 0x23, 
  0x64, 0x23, 0x23, 0x20, 0x83, 0x23, 0x00, 0x0a, 0x82, 0x23, 0x01, 0x64, 0x2a, 0x84, 0x20, 0x05, 
  0x64, 0x20, 0x24, 0x20, 0x64, 0x20, 0x82, 0x23, 0x01, 0x20, 0x20, 0x83, 0x23, 0x00, 0x0a, 0x84, 
  0x23, 0x04, 0x20, 0x23, 0x20, 0x23, 0x20, 0x82, 0x23, 0x84, 0x20, 0x01, 0x24, 0x20, 0x84, 0x23, 
  0x00, 0x0a, 0x82, 0x23, 0x82, 0x20, 0x07, 0x23, 0x20, 0x23, 0x20, 0x23, 0x64, 0x23, 0x20, 0x82, 
  0x23, 0x03, 0x24, 0x23, 0x20, 0x20, 0x83, 0x23, 0x00, 0x0a, 0x82, 0x23, 0x01, 0x20, 0x24, 0x85, 
  0x20, 0x03, 0x2a, 0x23, 0x20, 0x23, 0x85, 0x20, 0x83, 0x23, 0x00, 0x0a, 0x82, 0x23, 0x06, 0x2a, 
  0x23, 0x20, 0x23, 0x2a, 0x23, 0x2a, 0x82, 0x23, 0x07, 0x20, 0x23, 0x20, 0x23, 0x2a, 0x23, 0x23, 
  0x20, 0x83, 0x23, 0x00, 0x0a, 0x82, 0x23, 0x05, 0x64, 0x23, 0x20, 0x23, 0x64, 0x23, 0x84, 0x20, 
  0x06, 0x24, 0x20, 0x2a, 0x64, 0x23, 0x20, 0x20, 0x83, 0x23, 0x00, 0x0a, 0x84, 0x23, 0x04, 0x24, 
  0x23, 0x2a, 0x23, 0x24, 0x88, 0x23, 0x00, 0x20, 0x84, 0x23, 0x00, 0x0a, 0x82, 0x23, 0x01, 0x64, 
  0x2a, 0x8f, 0x20, 0x83, 0x23, 0x00, 0x0a, 0x98, 0x23, 0x00, 0x0a, 0x98, 0x23, 0x00, 0x0a, 0x98, 
  0x23, 0x2c, 0x0a, 0x54, 0x69, 0x74, 0x6c, 0x65, 0x3a, 0x20, 0x4c, 0x61, 0x62, 0x79, 0x72, 0x69, 
  0x6e, 0x74, 0x68, 0x0a, 0x41, 0x75, 0x74, 0x68, 0x6f, 0x72, 0x3a, 0x20, 0x42, 0x72, 0x79, 0x61, 
  0x6e, 0x74, 0x20, 0x42, 0x72, 0x6f, 0x77, 0x6e, 0x65, 0x6c, 0x6c, 0x0a, 0x0a, 0x37, 0x0a, 0x98, 
  0x23, 0x00, 0x0a, 0x98, 0x23, 0x00, 0x0a, 0x98, 0x23, 0x00, 0x0a, 0x82, 0x23, 0x84, 0x20, 0x02, 
  0x2a, 0x20, 0x2a, 0x83, 0x20, 0x05, 0x2a, 0x20, 0x2a, 0x64, 0x2a, 0x20, 0x83, 0x23, 0x00, 0x0a, 
  0x82, 0x23, 0x04, 0x20, 0x40, 0x23, 0x2a, 0x20, 0x82, 0x23, 0x09, 0x24, 0x23, 0x23, 0x24, 0x23, 
  0x24, 0x23, 0x23, 0x2a, 0x20, 0x83, 0x23, 0x00, 0x0a, 0x82, 0x23, 0x00, 0x20, 0x82, 0x23, 0x0d, 
  0x24, 0x23, 0x23, 0x20, 0x20, 0x23, 0x20, 0x20, 0x23, 0x20, 0x20, 0x23, 0x23, 0x20, 0x83, 0x23, 
  0x00, 0x0a, 0x82, 0x23, 0x03, 0x20, 0x20, 0x23, 0x2a, 0x83, 0x20, 0x02, 0x23, 0x23, 0x20, 0x82, 
  0x23, 0x03, 0x20, 0x20, 0x23, 0x20, 0x83, 0x23, 0x00, 0x0a, 0x82, 0x23, 0x01, 0x20, 0x24, 0x82, 
  0x20, 0x01, 0x23, 0x23, 0x88, 0x20, 0x01, 0x24, 0x20, 0x83, 0x23, 0x00, 0x0a, 0x82, 0x23, 0x08, 
  0x20, 0x23, 0x20, 0x23, 0x20, 0x20, 0x23, 0x23, 0x24, 0x83, 0x23, 0x00, 0x24, 0x82, 0x23, 0x00, 
  0x20, 0x83, 0x23, 0x00, 0x0a, 0x82, 0x23, 0x06, 0x20, 0x23, 0x20, 0x23, 0x23, 0x20, 0x23, 0x82, 
  0x20, 0x00, 0x23, 0x84, 0x20, 0x01, 0x23, 0x20, 0x83, 0x23, 0x00, 0x0a, 0x82, 0x23, 0x11, 0x20, 
  0x23, 0x20, 0x20, 0x23, 0x20, 0x2a, 0x64, 0x20, 0x64, 0x2a, 0x20, 0x23, 0x20, 0x23, 0x24, 0x23, 
  0x20, 0x83, 0x23, 0x00, 0x0a, 0x82, 0x23, 0x05, 0x20, 0x23, 0x23, 0x24, 0x23, 0x24, 0x84, 0x23, 
  0x00, 0x24, 0x82, 0x23, 0x02, 0x20, 0x24, 0x20, 0x83, 0x23, 0x00, 0x0a, 0x82, 0x23, 0x11, 0x20, 
  0x20, 0x24, 0x2a, 0x2a, 0x64, 0x2a, 0x64, 0x2a, 0x64, 0x2a, 0x64, 0x2a, 0x2a, 0x64, 0x20, 0x20, 
  0x2a, 0x83, 0x23, 0x00, 0x0a, 0x98, 0x23, 0x00, 0x0a, 0x98, 0x23, 0x00, 0x0a, 0x98, 0x23, 0x35, 
  0x0a, 0x54, 0x69, 0x74, 0x6c, 0x65, 0x3a, 0x20, 0x4d, 0x6f, 0x72, 0x65, 0x20, 0x50, 0x65, 0x6e, 
  0x74, 0x6f, 0x6d, 0x69, 0x6e, 0x6f, 0x20, 0x46, 0x75, 0x6e, 0x0a, 0x41, 0x75, 0x74, 0x68, 0x6f, 
  0x72, 0x3a, 0x20, 0x42, 0x72, 0x79, 0x61, 0x6e, 0x74, 0x20, 0x42, 0x72, 0x6f, 0x77, 0x6e, 0x65, 
  0x6c, 0x6c, 0x0a, 0x0a, 0x38, 0x0a, 0x98, 0x23, 0x00, 0x0a, 0x98, 0x23, 0x00, 0x0a, 0x98, 0x23, 
  0x00, 0x0a, 0x83, 0x23, 0x00, 0x64, 0x85, 0x2a, 0x09, 0x20, 0x24, 0x20, 0x24, 0x20, 0x24, 0x20, 
  0x24, 0x20, 0x64, 0x83, 0x23, 0x00, 0x0a, 0x86, 0x23, 0x0d, 0x2a, 0x2a, 0x23, 0x2a, 0x20, 0x24, 
  0x20, 0x24, 0x20, 0x24, 0x20, 0x24, 0x20, 0x20, 0x83, 0x23, 0x00, 0x0a, 0x82, 0x23, 0x04, 0x40, 
  0x23, 0x64, 0x23, 0x64, 0x82, 0x2a, 0x09, 0x20, 0x24, 0x20, 0x24, 0x20, 0x24, 0x20, 0x20, 0x24, 
  0x20, 0x83, 0x23, 0x00, 0x0a, 0x82, 0x23, 0x01, 0x20, 0x23, 0x83, 0x2a, 0x0b, 0x23, 0x2a, 0x20, 
  0x24, 0x20, 0x24, 0x20, 0x20, 0x24, 0x20, 0x24, 0x20, 0x83, 0x23, 0x00, 0x0a, 0x82, 0x23, 0x01, 
  0x20, 0x23, 0x85, 0x2a, 0x09, 0x20, 0x24, 0x20, 0x20, 0x24, 0x20, 0x24, 0x20, 0x24, 0x20, 0x83, 
  0x23, 0x00, 0x0a, 0x82, 0x23, 0x01, 0x20, 0x23, 0x85, 0x2a, 0x09, 0x20, 0x20, 0x24, 0x20, 0x24, 
  0x20, 0x24, 0x20, 0x24, 0x20, 0x83, 0x23, 0x00, 0x0a, 0x82, 0x23, 0x00, 0x20, 0x8f, 0x23, 0x00, 
  0x2a, 0x83, 0x23, 0x00, 0x0a, 0x82, 0x23, 0x0e, 0x20, 0x24, 0x20, 0x20, 0x24, 0x20, 0x20, 0x24, 
  0x20, 0x20, 0x24, 0x20, 0x20, 0x64, 0x20, 0x82, 0x2a, 0x83, 0x23, 0x00, 0x0a, 0x82, 0x23, 0x11, 
  0x20, 0x24, 0x64, 0x64, 0x24, 0x64, 0x64, 0x24, 0x64, 0x64, 0x24, 0x20, 0x64, 0x20, 0x64, 0x20, 
  0x2a, 0x2a, 0x83, 0x23, 0x00, 0x0a, 0x82, 0x23, 0x0d, 0x20, 0x24, 0x20, 0x20, 0x24, 0x20, 0x20, 
  0x24, 0x20, 0x20, 0x24, 0x20, 0x20, 0x64, 0x82, 0x20, 0x00, 0x2a, 0x83, 0x23, 0x00, 0x0a, 0x98, 
  0x23, 0x00, 0x0a, 0x98, 0x23, 0x00, 0x0a, 0x98, 0x23, 0x31, 0x0a, 0x54, 0x69, 0x74, 0x6c, 0x65, 
  0x3a, 0x20, 0x43, 0x6f, 0x6d, 0x69, 0x6e, 0x67, 0x20, 0x54, 0x68, 0x72, 0x6f, 0x75, 0x67, 0x68, 
  0x0a, 0x41, 0x75, 0x74, 0x68, 0x6f, 0x72, 0x3a, 0x20, 0x42, 0x72, 0x79, 0x61, 0x6e, 0x74, 0x20, 
  0x42, 0x72, 0x6f, 0x77, 0x6e, 0x65, 0x6c, 0x6c, 0x0a, 0x0a, 0x39, 0x0a, 0x98, 0x23, 0x00, 0x0a, 
  0x98, 0x23, 0x00, 0x0a, 0x98, 0x23, 0x00, 0x0a, 0x82, 0x23, 0x82, 0x2a, 0x0e, 0x64, 0x23, 0x20, 
  0x20, 0x24, 0x20, 0x24, 0x20, 0x24, 0x20, 0x23, 0x64, 0x23, 0x23, 0x64, 0x83, 0x23, 0x00, 0x0a, 
  0x82, 0x23, 0x01, 0x2a, 0x2a, 0x82, 0x23, 0x0c, 0x20, 0x20, 0x24, 0x20, 0x24, 0x20, 0x24, 0x24, 
  0x23, 0x2a, 0x2a, 0x23, 0x2a, 0x83, 0x23, 0x00, 0x0a, 0x82, 0x23, 0x83, 0x2a, 0x00, 0x23, 0x82, 
  0x24, 0x01, 0x20, 0x24, 0x82, 0x20, 0x04, 0x23, 0x2a, 0x2a, 0x20, 0x2a, 0x83, 0x23, 0x00, 0x0a, 
  0x82, 0x23, 0x83, 0x20, 0x00, 0x23, 0x83, 0x20, 0x83, 0x24, 0x04, 0x23, 0x20, 0x2a, 0x2a, 0x20, 
  0x83, 0x23, 0x00, 0x0a, 0x82, 0x23, 0x83, 0x24, 0x00, 0x23, 0x83, 0x24, 0x00, 0x23, 0x82, 0x20, 
  0x04, 0x23, 0x2a, 0x2a, 0x23, 0x2a, 0x83, 0x23, 0x00, 0x0a, 0x82, 0x23, 0x83, 0x20, 0x00, 0x23, 
  0x83, 0x20, 0x00, 0x23, 0x82, 0x20, 0x03, 0x23, 0x2a, 0x20, 0x2a, 0x84, 0x23, 0x00, 0x0a, 0x82, 
  0x23, 0x00, 0x20, 0x82, 0x24, 0x00, 0x23, 0x83, 0x20, 0x00, 0x23, 0x82, 0x24, 0x01, 0x23, 0x20, 
  0x82, 0x2a, 0x83, 0x23, 0x00, 0x0a, 0x82, 0x23, 0x00, 0x24, 0x82, 0x20, 0x01, 0x24, 0x20, 0x82, 
  0x24, 0x00, 0x23, 0x82, 0x20, 0x04, 0x23, 0x23, 0x2a, 0x20, 0x2a, 0x83, 0x23, 0x00, 0x0a, 0x82, 
  0x23, 0x82, 0x20, 0x06, 0x24, 0x24, 0x20, 0x24, 0x20, 0x20, 0x23, 0x82, 0x20, 0x03, 0x2a, 0x2a, 
  0x20, 0x2a, 0x84, 0x23, 0x00, 0x0a, 0x82, 0x23, 0x00, 0x40, 0x82, 0x20, 0x05, 0x24, 0x20, 0x24, 
  0x20, 0x20, 0x23, 0x82, 0x20, 0x04, 0x2a, 0x20, 0x2a, 0x20, 0x2a, 0x83, 0x23, 0x00, 0x0a, 0x98, 
  0x23, 0x00, 0x0a, 0x98, 0x23, 0x00, 0x0a, 0x98, 0x23, 0x32, 0x0a, 0x54, 0x69, 0x74, 0x6c, 0x65, 
  0x3a, 0x20, 0x4d, 0x69, 0x67, 0x72, 0x61, 0x69, 0x6e, 0x65, 0x20, 0x48, 0x65, 0x61, 0x64, 0x61, 
  0x63, 0x68, 0x65, 0x0a, 0x41, 0x75, 0x74, 0x68, 0x6f, 0x72, 0x3a, 0x20, 0x42, 0x72, 0x79, 0x61, 
  0x6e, 0x74, 0x20, 0x42, 0x72, 0x6f, 0x77, 0x6e, 0x65, 0x6c, 0x6c, 0x0a, 0x0a
};

// bips_gold_2_players.bip, 4608 bytes of level text run length encoded to 2822
const unsigned char levelpack_bips_gold_2_players[] PLATFORM_PROGMEM  = {
  0x2f, 0x44, 0x61, 0x74, 0x65, 0x20, 0x6f, 0x66, 0x20, 0x4c, 0x61, 0x73, 0x74, 0x20, 0x43, 0x68, 
  0x61, 0x6e, 0x67, 0x65, 0x3a, 0x20, 0x32, 0x30, 0x32, 0x35, 0x2e, 0x31, 0x32, 0x2e, 0x31, 0x31, 
  0x20, 0x2d, 0x20, 0x31, 0x35, 0x3a, 0x33, 0x32, 0x3a, 0x32, 0x33, 0x0a, 0x0a, 0x53, 0x65, 0x74, 
  0x3a, 0x86, 0x20, 0x20, 0x42, 0x69, 0x70, 0x73, 0x20, 0x47, 0x6f, 0x6c, 0x64, 0x20, 0x32, 0x20, 
  0x50, 0x6c, 0x61, 0x79, 0x65, 0x72, 0x20, 0x4c, 0x65, 0x76, 0x65, 0x6c, 0x73, 0x0a, 0x41, 0x75, 
  0x74, 0x68, 0x6f, 0x72, 0x3a, 0x83, 0x20, 0x15, 0x42, 0x72, 0x79, 0x61, 0x6e, 0x74, 0x20, 0x42, 
  0x72, 0x6f, 0x77, 0x6e, 0x65, 0x6c, 0x6c, 0x0a, 0x45, 0x6d, 0x61, 0x69, 0x6c, 0x3a, 0x84, 0x20, 
  0x26, 0x62, 0x72, 0x79, 0x61, 0x6e, 0x74, 0x2e, 0x62, 0x72, 0x6f, 0x77, 0x6e, 0x65, 0x6c, 0x6c, 
  0x40, 0x67, 0x6d, 0x61, 0x69, 0x6c, 0x2e, 0x63, 0x6f, 0x6d, 0x0a, 0x48, 0x6f, 0x6d, 0x65, 0x70, 
  0x61, 0x67, 0x65, 0x3a, 0x20, 0x20, 0x0a, 0x0a, 0xd6, 0x3a, 0x5a, 0x0a, 0x0a, 0x47, 0x65, 0x6e, 
  0x65, 0x72, 0x61, 0x74, 0x65, 0x64, 0x20, 0x66, 0x72, 0x6f, 0x6d, 0x20, 0x6d, 0x75, 0x6c, 0x74, 
  0x69, 0x70, 0x6c, 0x65, 0x20, 0x2a, 0x2e, 0x6c, 0x65, 0x76, 0x20, 0x66, 0x6f, 0x72, 0x6d, 0x61, 
  0x74, 0x20, 0x74, 0x6f, 0x20, 0x2e, 0x62, 0x69, 0x70, 0x20, 0x66, 0x6f, 0x72, 0x6d, 0x61, 0x74, 
  0x20, 0x66, 0x6f, 0x72, 0x20, 0x64, 0x65, 0x73, 0x63, 0x72, 0x69, 0x70, 0x74, 0x69, 0x6f, 0x6e, 
  0x20, 0x73, 0x65, 0x65, 0x20, 0x62, 0x6c, 0x69, 0x70, 0x73, 0x20, 0x72, 0x65, 0x61, 0x64, 0x6d, 
  0x65, 0x2e, 0x6d, 0x64, 0x0a, 0x0a, 0xd6, 0x3a, 0x03, 0x0a, 0x0a, 0x31, 0x0a, 0x98, 0x23, 0x00, 
  0x0a, 0x98, 0x23, 0x00, 0x0a, 0x98, 0x23, 0x00, 0x0a, 0x8b, 0x23, 0x08, 0x64, 0x2a, 0x2a, 0x20, 
  0x23, 0x20, 0x2a, 0x2a, 0x64, 0x83, 0x23, 0x00, 0x0a, 0x82, 0x23, 0x03, 0x20, 0x2a, 0x20, 0x2a, 
  0x83, 0x20, 0x02, 0x23, 0x2a, 0x2a, 0x84, 0x20, 0x01, 0x2a, 0x2a, 0x83, 0x23, 0x00, 0x0a, 0x82, 
  0x23, 0x0c, 0x32, 0x23, 0x31, 0x23, 0x20, 0x20, 0x24, 0x23, 0x23, 0x2a, 0x20, 0x20, 0x2a, 0x83, 
  0x20, 0x00, 0x2a, 0x83, 0x23, 0x00, 0x0a, 0x82, 0x23, 0x03, 0x2a, 0x23, 0x2a, 0x23, 0x82, 0x20, 
  0x00, 0x23, 0x82, 0x20, 0x02, 0x2a, 0x32, 0x2a, 0x83, 0x20, 0x83, 0x23, 0x00, 0x0a, 0x82, 0x23, 
  0x0e, 0x64, 0x23, 0x64, 0x23, 0x20, 0x20, 0x24, 0x23, 0x20, 0x20, 0x2a, 0x31, 0x64, 0x31, 0x2a, 
  0x82, 0x20, 0x83, 0x23, 0x00, 0x0a, 0x86, 0x23, 0x82, 0x20, 0x00, 0x23, 0x82, 0x20, 0x06, 0x2a, 
  0x32, 0x2a, 0x20, 0x20, 0x31, 0x20, 0x83, 0x23, 0x00, 0x0a, 0x82, 0x23, 0x07, 0x40, 0x20, 0x26, 
  0x23, 0x20, 0x23, 0x20, 0x23, 0x83, 0x20, 0x05, 0x2a, 0x20, 0x20, 0x32, 0x20, 0x20, 0x83, 0x23, 
  0x00, 0x0a, 0x82, 0x23, 0x07, 0x20, 0x24, 0x20, 0x2a, 0x20, 0x2a, 0x20, 0x2a, 0x85, 0x20, 0x03, 
  0x31, 0x20, 0x20, 0x2a, 0x83, 0x23, 0x00, 0x0a, 0x82, 0x23, 0x11, 0x20, 0x24, 0x20, 0x2a, 0x20, 
  0x2a, 0x20, 0x2a, 0x20, 0x32, 0x20, 0x31, 0x20, 0x32, 0x20, 0x20, 0x2a, 0x2a, 0x83, 0x23, 0x00, 
  0x0a, 0x82, 0x23, 0x07, 0x20, 0x24, 0x20, 0x2a, 0x2a, 0x20, 0x20, 0x2a, 0x86, 0x20, 0x02, 0x2a, 
  0x2a, 0x64, 0x83, 0x23, 0x00, 0x0a, 0x98, 0x23, 0x00, 0x0a, 0x98, 0x23, 0x00, 0x0a, 0x98, 0x23, 
  0x34, 0x0a, 0x54, 0x69, 0x74, 0x6c, 0x65, 0x3a, 0x20, 0x4c, 0x65, 0x74, 0x27, 0x73, 0x20, 0x47, 
  0x65, 0x74, 0x20, 0x53, 0x74, 0x61, 0x72, 0x74, 0x65, 0x64, 0x0a, 0x41, 0x75, 0x74, 0x68, 0x6f, 
  0x72, 0x3a, 0x20, 0x42, 0x72, 0x79, 0x61, 0x6e, 0x74, 0x20, 0x42, 0x72, 0x6f, 0x77, 0x6e, 0x65, 
  0x6c, 0x6c, 0x0a, 0x0a, 0x32, 0x0a, 0x98, 0x23, 0x00, 0x0a, 0x98, 0x23, 0x00, 0x0a, 0x98, 0x23, 
  0x00, 0x0a, 0x87, 0x23, 0x01, 0x20, 0x23, 0x83, 0x20, 0x84, 0x23, 0x00, 0x20, 0x84, 0x23, 0x00, 
  0x0a, 0x82, 0x23, 0x85, 0x20, 0x03, 0x23, 0x20, 0x23, 0x23, 0x86, 0x20, 0x84, 0x23, 0x00, 0x0a, 
  0x83, 0x23, 0x00, 0x24, 0x82, 0x23, 0x0b, 0x20, 0x23, 0x20, 0x23, 0x20, 0x20, 0x23, 0x20, 0x23, 
  0x20, 0x23, 0x20, 0x84, 0x23, 0x00, 0x0a, 0x83, 0x23, 0x82, 0x20, 0x09, 0x40, 0x20, 0x26, 0x20, 
  0x23, 0x20, 0x20, 0x23, 0x20, 0x23, 0x83, 0x20, 0x83, 0x23, 0x00, 0x0a, 0x84, 0x23, 0x00, 0x20, 
  0x83, 0x23, 0x83, 0x20, 0x03, 0x23, 0x20, 0x23, 0x20, 0x86, 0x23, 0x00, 0x0a, 0x83, 0x23, 0x87, 
  0x20, 0x00, 0x23, 0x82, 0x20, 0x04, 0x23, 0x20, 0x23, 0x20, 0x20, 0x83, 0x23, 0x00, 0x0a, 0x83, 
  0x23, 0x82, 0x20, 0x02, 0x23, 0x20, 0x20, 0x82, 0x23, 0x82, 0x20, 0x04, 0x23, 0x20, 0x23, 0x20, 
  0x20, 0x83, 0x23, 0x00, 0x0a, 0x83, 0x23, 0x00, 0x20, 0x82, 0x23, 0x85, 0x20, 0x00, 0x23, 0x85, 
  0x20, 0x83, 0x23, 0x00, 0x0a, 0x82, 0x23, 0x86, 0x20, 0x00, 0x23, 0x84, 0x20, 0x82, 0x23, 0x00, 
  0x20, 0x84, 0x23, 0x00, 0x0a, 0x88, 0x23, 0x00, 0x20, 0x84, 0x23, 0x05, 0x20, 0x23, 0x64, 0x2a, 
  0x20, 0x20, 0x83, 0x23, 0x00, 0x0a, 0x98, 0x23, 0x00, 0x0a, 0x98, 0x23, 0x00, 0x0a, 0x98, 0x23, 
  0x31, 0x0a, 0x54, 0x69, 0x74, 0x6c, 0x65, 0x3a, 0x20, 0x57, 0x61, 0x6c, 0x6b, 0x20, 0x74, 0x68, 
  0x65, 0x20, 0x42, 0x6c, 0x6f, 0x63, 0x6b, 0x0a, 0x41, 0x75, 0x74, 0x68, 0x6f, 0x72, 0x3a, 0x20, 
  0x42, 0x72, 0x79, 0x61, 0x6e, 0x74, 0x20, 0x42, 0x72, 0x6f, 0x77, 0x6e, 0x65, 0x6c, 0x6c, 0x0a, 
  0x0a, 0x33, 0x0a, 0x98, 0x23, 0x00, 0x0a, 0x98, 0x23, 0x00, 0x0a, 0x98, 0x23, 0x00, 0x0a, 0x8b, 
  0x23, 0x08, 0x64, 0x2a, 0x2a, 0x20, 0x23, 0x20, 0x2a, 0x2a, 0x64, 0x83, 0x23, 0x00, 0x0a, 0x82, 
  0x23, 0x03, 0x20, 0x2a, 0x20, 0x2a, 0x83, 0x20, 0x02, 0x23, 0x2a, 0x2a, 0x84, 0x20, 0x01, 0x2a, 
  0x2a, 0x83, 0x23, 0x00, 0x0a, 0x82, 0x23, 0x0c, 0x32, 0x23, 0x31, 0x23, 0x20, 0x20, 0x24, 0x23, 
  0x23, 0x2a, 0x20, 0x20, 0x2a, 0x83, 0x20, 0x00, 0x2a, 0x83, 0x23, 0x00, 0x0a, 0x82, 0x23, 0x03, 
  0x2a, 0x23, 0x2a, 0x23, 0x82, 0x20, 0x00, 0x23, 0x82, 0x20, 0x02, 0x2a, 0x32, 0x2a, 0x83, 0x20, 
  0x83, 0x23, 0x00, 0x0a, 0x82, 0x23, 0x0e, 0x64, 0x23, 0x64, 0x23, 0x20, 0x20, 0x24, 0x23, 0x20, 
  0x20, 0x2a, 0x31, 0x64, 0x31, 0x2a, 0x82, 0x20, 0x83, 0x23, 0x00, 0x0a, 0x86, 0x23, 0x82, 0x20, 
  0x00, 0x23, 0x82, 0x20, 0x06, 0x2a, 0x32, 0x2a, 0x20, 0x20, 0x31, 0x20, 0x83, 0x23, 0x00, 0x0a, 
  0x82, 0x23, 0x07, 0x40, 0x20, 0x26, 0x23, 0x20, 0x23, 0x20, 0x23, 0x83, 0x20, 0x05, 0x2a, 0x20, 
  0x20, 0x32, 0x20, 0x20, 0x83, 0x23, 0x00, 0x0a, 0x82, 0x23, 0x07, 0x20, 0x24, 0x20, 0x2a, 0x20, 
  0x2a, 0x20, 0x2a, 0x85, 0x20, 0x03, 0x31, 0x20, 0x20, 0x2a, 0x83, 0x23, 0x00, 0x0a, 0x82, 0x23, 
  0x11, 0x20, 0x24, 0x20, 0x2a, 0x20, 0x2a, 0x20, 0x2a, 0x20, 0x32, 0x20, 0x31, 0x20, 0x32, 0x20, 
  0x20, 0x2a, 0x2a, 0x83, 0x23, 0x00, 0x0a, 0x82, 0x23, 0x82, 0x20, 0x04, 0x2a, 0x2a, 0x20, 0x20, 
  0x2a, 0x86, 0x20, 0x02, 0x2a, 0x2a, 0x64, 0x83, 0x23, 0x00, 0x0a, 0x98, 0x23, 0x00, 0x0a, 0x98, 
  0x23, 0x00, 0x0a, 0x98, 0x23, 0x18, 0x0a, 0x54, 0x69, 0x74, 0x6c, 0x65, 0x3a, 0x20, 0x53, 0x6f, 
  0x6d, 0x65, 0x74, 0x68, 0x69, 0x6e, 0x67, 0x27, 0x73, 0x20, 0x57, 0x72, 0x6f, 0x6e, 0x67, 0x82, 
  0x2e, 0x1b, 0x0a, 0x41, 0x75, 0x74, 0x68, 0x6f, 0x72, 0x3a, 0x20, 0x42, 0x72, 0x79, 0x61, 0x6e, 
  0x74, 0x20, 0x42, 0x72, 0x6f, 0x77, 0x6e, 0x65, 0x6c, 0x6c, 0x0a, 0x0a, 0x34, 0x0a, 0x98, 0x23, 
  0x00, 0x0a, 0x98, 0x23, 0x00, 0x0a, 0x98, 0x23, 0x00, 0x0a, 0x82, 0x23, 0x01, 0x64, 0x23, 0x88, 
  0x20, 0x03, 0x23, 0x20, 0x23, 0x64, 0x82, 0x20, 0x83, 0x23, 0x00, 0x0a, 0x82, 0x23, 0x01, 0x26, 
  0x23, 0x87, 0x2a, 0x07, 0x20, 0x24, 0x20, 0x23, 0x23, 0x20, 0x24, 0x20, 0x83, 0x23, 0x00, 0x0a, 
  0x82, 0x23, 0x00, 0x24, 0x85, 0x20, 0x07, 0x23, 0x64, 0x2a, 0x20, 0x20, 0x31, 0x20, 0x23, 0x82, 
  0x20, 0x83, 0x23, 0x00, 0x0a, 0x82, 0x23, 0x00, 0x40, 0x82, 0x23, 0x05, 0x20, 0x23, 0x20, 0x23, 
  0x23, 0x2a, 0x83, 0x20, 0x02, 0x23, 0x23, 0x64, 0x84, 0x23, 0x00, 0x0a, 0x82, 0x23, 0x05, 0x64, 
  0x23, 0x20, 0x23, 0x20, 0x23, 0x82, 0x20, 0x08, 0x2a, 0x20, 0x2a, 0x20, 0x2a, 0x20, 0x2a, 0x20, 
  0x20, 0x83, 0x23, 0x00, 0x0a, 0x84, 0x23, 0x82, 0x20, 0x00, 0x24, 0x82, 0x20, 0x00, 0x2a, 0x82, 
  0x20, 0x82, 0x23, 0x00, 0x24, 0x84, 0x23, 0x00, 0x0a, 0x82, 0x23, 0x02, 0x20, 0x23, 0x20, 0x82, 
  0x23, 0x82, 0x20, 0x02, 0x2a, 0x20, 0x2a, 0x85, 0x20, 0x83, 0x23, 0x00, 0x0a, 0x82, 0x23, 0x84, 
  0x20, 0x00, 0x23, 0x82, 0x20, 0x00, 0x2a, 0x82, 0x20, 0x00, 0x23, 0x83, 0x20, 0x83, 0x23, 0x00, 
  0x0a, 0x82, 0x23, 0x05, 0x2a, 0x23, 0x23, 0x24, 0x23, 0x23, 0x82, 0x20, 0x08, 0x2a, 0x20, 0x2a, 
  0x23, 0x23, 0x31, 0x32, 0x31, 0x32, 0x83, 0x23, 0x00, 0x0a, 0x82, 0x23, 0x05, 0x2a, 0x64, 0x23, 
  0x20, 0x2a, 0x2a, 0x85, 0x20, 0x05, 0x64, 0x23, 0x20, 0x20, 0x64, 0x20, 0x83, 0x23, 0x00, 0x0a, 
  0x98, 0x23, 0x00, 0x0a, 0x98, 0x23, 0x00, 0x0a, 0x98, 0x23, 0x32, 0x0a, 0x54, 0x69, 0x74, 0x6c, 
  0x65, 0x3a, 0x20, 0x54, 0x68, 0x65, 0x20, 0x52, 0x69, 0x67, 0x68, 0x74, 0x20, 0x41, 0x6e, 0x67, 
  0x6c, 0x65, 0x0a, 0x41, 0x75, 0x74, 0x68, 0x6f, 0x72, 0x3a, 0x20, 0x42, 0x72, 0x79, 0x61, 0x6e, 
  0x74, 0x20, 0x42, 0x72, 0x6f, 0x77, 0x6e, 0x65, 0x6c, 0x6c, 0x0a, 0x0a, 0x35, 0x0a, 0x98, 0x23, 
  0x00, 0x0a, 0x98, 0x23, 0x00, 0x0a, 0x98, 0x23, 0x00, 0x0a, 0x83, 0x23, 0x02, 0x40, 0x31, 0x64, 
  0x8c, 0x2a, 0x00, 0x64, 0x83, 0x23, 0x00, 0x0a, 0x83, 0x23, 0x02, 0x20, 0x23, 0x31, 0x89, 0x23, 
  0x01, 0x20, 0x20, 0x85, 0x23, 0x00, 0x0a, 0x82, 0x23, 0x04, 0x20, 0x24, 0x20, 0x20, 0x23, 0x8c, 
  0x20, 0x83, 0x23, 0x00, 0x0a, 0x83, 0x23, 0x01, 0x20, 0x23, 0x85, 0x20, 0x02, 0x2a, 0x24, 0x2a, 
  0x85, 0x20, 0x83, 0x23, 0x00, 0x0a, 0x83, 0x23, 0x01, 0x26, 0x23, 0x85, 0x20, 0x02, 0x32, 0x64, 
  0x31, 0x85, 0x20, 0x83, 0x23, 0x00, 0x0a, 0x85, 0x23, 0x84, 0x20, 0x04, 0x32, 0x64, 0x24, 0x64, 
  0x31, 0x84, 0x20, 0x83, 0x23, 0x00, 0x0a, 0x82, 0x23, 0x01, 0x64, 0x2a, 0x84, 0x20, 0x06, 0x32, 
  0x20, 0x32, 0x20, 0x31, 0x20, 0x31, 0x83, 0x20, 0x83, 0x23, 0x00, 0x0a, 0x84, 0x23, 0x83, 0x20, 
  0x08, 0x32, 0x64, 0x2a, 0x20, 0x2a, 0x20, 0x2a, 0x64, 0x31, 0x82, 0x20, 0x83, 0x23, 0x00, 0x0a, 
  0x82, 0x23, 0x01, 0x64, 0x2a, 0x82, 0x20, 0x0c, 0x32, 0x20, 0x64, 0x20, 0x2a, 0x64, 0x2a, 0x20, 
  0x64, 0x20, 0x31, 0x20, 0x20, 0x83, 0x23, 0x00, 0x0a, 0x84, 0x23, 0x82, 0x20, 0x8a, 0x23, 0x01, 
  0x20, 0x20, 0x83, 0x23, 0x00, 0x0a, 0x98, 0x23, 0x00, 0x0a, 0x98, 0x23, 0x00, 0x0a, 0x98, 0x23, 
  0x30, 0x0a, 0x54, 0x69, 0x74, 0x6c, 0x65, 0x3a, 0x20, 0x41, 0x72, 0x63, 0x68, 0x65, 0x6f, 0x6c, 
  0x6f, 0x67, 0x69, 0x73, 0x74, 0x73, 0x0a, 0x41, 0x75, 0x74, 0x68, 0x6f, 0x72, 0x3a, 0x20, 0x42, 
  0x72, 0x79, 0x61, 0x6e, 0x74, 0x20, 0x42, 0x72, 0x6f, 0x77, 0x6e, 0x65, 0x6c, 0x6c, 0x0a, 0x0a, 
  0x36, 0x0a, 0x98, 0x23, 0x00, 0x0a, 0x98, 0x23, 0x00, 0x0a, 0x98, 0x23, 0x00, 0x0a, 0x82, 0x23, 
  0x84, 0x20, 0x01, 0x23, 0x23, 0x82, 0x20, 0x03, 0x23, 0x20, 0x20, 0x23, 0x82, 0x20, 0x84, 0x23, 
  0x00, 0x0a, 0x82, 0x23, 0x00, 0x20, 0x82, 0x23, 0x02, 0x20, 0x20, 0x24, 0x82, 0x20, 0x06, 0x23, 
  0x20, 0x20, 0x24, 0x20, 0x2a, 0x20, 0x84, 0x23, 0x00, 0x0a, 0x82, 0x23, 0x84, 0x20, 0x82, 0x23, 
  0x00, 0x24, 0x82, 0x23, 0x01, 0x24, 0x23, 0x82, 0x2a, 0x84, 0x23, 0x00, 0x0a, 0x86, 0x23, 0x01, 
  0x24, 0x23, 0x82, 0x20, 0x00, 0x23, 0x82, 0x20, 0x03, 0x23, 0x20, 0x2a, 0x20, 0x84, 0x23, 0x00, 
  0x0a, 0x82, 0x23, 0x02, 0x20, 0x20, 0x23, 0x82, 0x20, 0x03, 0x23, 0x20, 0x20, 0x24, 0x82, 0x20, 
  0x03, 0x23, 0x20, 0x2a, 0x20, 0x84, 0x23, 0x00, 0x0a, 0x82, 0x23, 0x02, 0x20, 0x20, 0x24, 0x82, 
  0x20, 0x0a, 0x23, 0x20, 0x20, 0x23, 0x23, 0x24, 0x23, 0x23, 0x20, 0x2a, 0x20, 0x84, 0x23, 0x00, 
  0x0a, 0x82, 0x23, 0x09, 0x20, 0x20, 0x23, 0x23, 0x20, 0x23, 0x23, 0x20, 0x23, 0x23, 0x82, 0x20, 
  0x03, 0x24, 0x20, 0x2a, 0x20, 0x84, 0x23, 0x00, 0x0a, 0x83, 0x23, 0x06, 0x24, 0x23, 0x20, 0x20, 
  0x23, 0x23, 0x24, 0x82, 0x23, 0x00, 0x20, 0x82, 0x23, 0x00, 0x2a, 0x85, 0x23, 0x00, 0x0a, 0x82, 
  0x23, 0x05, 0x26, 0x20, 0x23, 0x20, 0x20, 0x24, 0x82, 0x20, 0x00, 0x23, 0x82, 0x20, 0x04, 0x23, 
  0x64, 0x2a, 0x2a, 0x64, 0x83, 0x23, 0x00, 0x0a, 0x82, 0x23, 0x05, 0x40, 0x20, 0x23, 0x20, 0x20, 
  0x23, 0x82, 0x20, 0x00, 0x24, 0x82, 0x20, 0x04, 0x23, 0x64, 0x2a, 0x2a, 0x64, 0x83, 0x23, 0x00, 
  0x0a, 0x98, 0x23, 0x00, 0x0a, 0x98, 0x23, 0x00, 0x0a, 0x98, 0x23, 0x2d, 0x0a, 0x54, 0x69, 0x74, 
  0x6c, 0x65, 0x3a, 0x20, 0x49, 0x6e, 0x20, 0x61, 0x6e, 0x64, 0x20, 0x4f, 0x75, 0x74, 0x0a, 0x41, 
  0x75, 0x74, 0x68, 0x6f, 0x72, 0x3a, 0x20, 0x42, 0x72, 0x79, 0x61, 0x6e, 0x74, 0x20, 0x42, 0x72, 
  0x6f, 0x77, 0x6e, 0x65, 0x6c, 0x6c, 0x0a, 0x0a, 0x37, 0x0a, 0x98, 0x23, 0x00, 0x0a, 0x98, 0x23, 
  0x00, 0x0a, 0x98, 0x23, 0x00, 0x0a, 0x82, 0x23, 0x09, 0x40, 0x20, 0x23, 0x64, 0x2a, 0x64, 0x2a, 
  0x20, 0x24, 0x64, 0x83, 0x2a, 0x03, 0x20, 0x20, 0x24, 0x64, 0x83, 0x23, 0x00, 0x0a, 0x82, 0x23, 
  0x01, 0x20, 0x31, 0x84, 0x23, 0x04, 0x20, 0x23, 0x23, 0x31, 0x23, 0x83, 0x20, 0x01, 0x23, 0x2a, 
  0x83, 0x23, 0x00, 0x0a, 0x82, 0x23, 0x87, 0x20, 0x03, 0x23, 0x64, 0x2a, 0x23, 0x83, 0x20, 0x01, 
  0x23, 0x2a, 0x83, 0x23, 0x00, 0x0a, 0x82, 0x23, 0x11, 0x24, 0x23, 0x24, 0x20, 0x2a, 0x2a, 0x20, 
  0x2a, 0x20, 0x23, 0x64, 0x23, 0x20, 0x20, 0x31, 0x24, 0x23, 0x2a, 0x83, 0x23, 0x00, 0x0a, 0x82, 
  0x23, 0x11, 0x2a, 0x23, 0x20, 0x24, 0x24, 0x20, 0x2a, 0x64, 0x2a, 0x20, 0x23, 0x23, 0x20, 0x24, 
  0x20, 0x64, 0x23, 0x24, 0x83, 0x23, 0x00, 0x0a, 0x82, 0x23, 0x11, 0x24, 0x23, 0x64, 0x20, 0x24, 
  0x20, 0x23, 0x23, 0x20, 0x2a, 0x64, 0x2a, 0x20, 0x24, 0x24, 0x20, 0x23, 0x2a, 0x83, 0x23, 0x00, 
  0x0a, 0x82, 0x23, 0x11, 0x2a, 0x23, 0x32, 0x24, 0x20, 0x20, 0x23, 0x64, 0x23, 0x20, 0x2a, 0x20, 
  0x2a, 0x2a, 0x20, 0x24, 0x23, 0x24, 0x83, 0x23, 0x00, 0x0a, 0x82, 0x23, 0x01, 0x2a, 0x23, 0x83, 
  0x20, 0x03, 0x23, 0x2a, 0x64, 0x23, 0x87, 0x20, 0x83, 0x23, 0x00, 0x0a, 0x82, 0x23, 0x01, 0x2a, 
  0x23, 0x83, 0x20, 0x04, 0x23, 0x32, 0x23, 0x23, 0x20, 0x84, 0x23, 0x01, 0x32, 0x20, 0x83, 0x23, 
  0x00, 0x0a, 0x82, 0x23, 0x03, 0x64, 0x24, 0x20, 0x20, 0x83, 0x2a, 0x09, 0x64, 0x24, 0x20, 0x2a, 
  0x64, 0x2a, 0x64, 0x23, 0x20, 0x26, 0x83, 0x23, 0x00, 0x0a, 0x98, 0x23, 0x00, 0x0a, 0x98, 0x23, 
  0x00, 0x0a, 0x98, 0x23, 0x2d, 0x0a, 0x54, 0x69, 0x74, 0x6c, 0x65, 0x3a, 0x20, 0x44, 0x6f, 0x20, 
  0x41, 0x73, 0x20, 0x49, 0x20, 0x44, 0x6f, 0x0a, 0x41, 0x75, 0x74, 0x68, 0x6f, 0x72, 0x3a, 0x20, 
  0x42, 0x72, 0x79, 0x61, 0x6e, 0x74, 0x20, 0x42, 0x72, 0x6f, 0x77, 0x6e, 0x65, 0x6c, 0x6c, 0x0a, 
  0x0a, 0x38, 0x0a, 0x98, 0x23, 0x00, 0x0a, 0x98, 0x23, 0x00, 0x0a, 0x98, 0x23, 0x00, 0x0a, 0x82, 
  0x23, 0x04, 0x20, 0x26, 0x20, 0x23, 0x20, 0x82, 0x23, 0x09, 0x40, 0x23, 0x64, 0x2a, 0x20, 0x2a, 
  0x20, 0x2a, 0x20, 0x20, 0x83, 0x23, 0x00, 0x0a, 0x82, 0x23, 0x82, 0x20, 0x0e, 0x31, 0x20, 0x2a, 
  0x20, 0x24, 0x20, 0x23, 0x24, 0x23, 0x24, 0x23, 0x24, 0x23, 0x2a, 0x2a, 0x83, 0x23, 0x00, 0x0a, 
  0x83, 0x23, 0x04, 0x20, 0x23, 0x23, 0x20, 0x23, 0x82, 0x20, 0x00, 0x23, 0x87, 0x20, 0x83, 0x23, 
  0x00, 0x0a, 0x83, 0x23, 0x05, 0x20, 0x2a, 0x20, 0x64, 0x20, 0x20, 0x82, 0x23, 0x82, 0x20, 0x04, 
  0x23, 0x20, 0x24, 0x20, 0x20, 0x83, 0x23, 0x00, 0x0a, 0x84, 0x23, 0x00, 0x20, 0x82, 0x23, 0x0a, 
  0x32, 0x23, 0x20, 0x2a, 0x20, 0x24, 0x20, 0x23, 0x2a, 0x24, 0x2a, 0x84, 0x23, 0x00, 0x0a, 0x83, 
  0x23, 0x10, 0x20, 0x31, 0x23, 0x2a, 0x64, 0x64, 0x2a, 0x64, 0x23, 0x20, 0x23, 0x20, 0x23, 0x20, 
  0x24, 0x20, 0x64, 0x83, 0x23, 0x00, 0x0a, 0x83, 0x23, 0x03, 0x20, 0x20, 0x64, 0x20, 0x82, 0x23, 
  0x03, 0x20, 0x23, 0x20, 0x23, 0x84, 0x20, 0x84, 0x23, 0x00, 0x0a, 0x83, 0x23, 0x03, 0x20, 0x20, 
  0x23, 0x20, 0x82, 0x23, 0x02, 0x24, 0x23, 0x20, 0x84, 0x23, 0x00, 0x20, 0x84, 0x23, 0x00, 0x0a, 
  0x86, 0x23, 0x03, 0x20, 0x31, 0x20, 0x31, 0x83, 0x20, 0x00, 0x64, 0x82, 0x2a, 0x01, 0x20, 0x64, 
  0x83, 0x23, 0x00, 0x0a, 0x82, 0x23, 0x00, 0x64, 0x82, 0x2a, 0x06, 0x20, 0x20, 0x32, 0x20, 0x23, 
  0x23, 0x20, 0x84, 0x23, 0x01, 0x64, 0x64, 0x83, 0x23, 0x00, 0x0a, 0x98, 0x23, 0x00, 0x0a, 0x98, 
  0x23, 0x00, 0x0a, 0x98, 0x23, 0x33, 0x0a, 0x54, 0x69, 0x74, 0x6c, 0x65, 0x3a, 0x20, 0x57, 0x6f, 
  0x72, 0x6b, 0x69, 0x6e, 0x67, 0x20, 0x54, 0x6f, 0x67, 0x65, 0x74, 0x68, 0x65, 0x72, 0x0a, 0x41, 
  0x75, 0x74, 0x68, 0x6f, 0x72, 0x3a, 0x20, 0x42, 0x72, 0x79, 0x61, 0x6e, 0x74, 0x20, 0x42, 0x72, 
  0x6f, 0x77, 0x6e, 0x65, 0x6c, 0x6c, 0x0a, 0x0a, 0x39, 0x0a, 0x98, 0x23, 0x00, 0x0a, 0x98, 0x23, 
  0x00, 0x0a, 0x98, 0x23, 0x00, 0x0a, 0x82, 0x23, 0x01, 0x64, 0x32, 0x84, 0x20, 0x0a, 0x2a, 0x20, 
  0x23, 0x20, 0x20, 0x32, 0x20, 0x2a, 0x20, 0x32, 0x20, 0x83, 0x23, 0x00, 0x0a, 0x82, 0x23, 0x11, 
  0x2a, 0x23, 0x20, 0x23, 0x31, 0x23, 0x20, 0x23, 0x20, 0x23, 0x20, 0x20, 0x31, 0x20, 0x23, 0x31, 
  0x23, 0x20, 0x83, 0x23, 0x00, 0x0a, 0x82, 0x23, 0x03, 0x64, 0x2a, 0x20, 0x32, 0x82, 0x20, 0x05, 
  0x32, 0x64, 0x23, 0x2a, 0x23, 0x23, 0x84, 0x20, 0x83, 0x23, 0x00, 0x0a, 0x82, 0x23, 0x00, 0x20, 
  0x82, 0x23, 0x0d, 0x31, 0x23, 0x20, 0x23, 0x32, 0x23, 0x20, 0x32, 0x2a, 0x20, 0x20, 0x2a, 0x32, 
  0x20, 0x83, 0x23, 0x00, 0x0a, 0x82, 0x23, 0x03, 0x20, 0x23, 0x64, 0x23, 0x84, 0x20, 0x02, 0x31, 
  0x20, 0x31, 0x82, 0x20, 0x86, 0x23, 0x00, 0x0a, 0x82, 0x23, 0x10, 0x20, 0x23, 0x2a, 0x23, 0x2a, 
  0x23, 0x31, 0x23, 0x31, 0x23, 0x20, 0x32, 0x2a, 0x2a, 0x20, 0x23, 0x20, 0x84, 0x23, 0x00, 0x0a, 
  0x82, 0x23, 0x11, 0x20, 0x23, 0x2a, 0x23, 0x20, 0x2a, 0x20, 0x2a, 0x20, 0x2a, 0x20, 0x32, 0x20, 
  0x23, 0x31, 0x23, 0x20, 0x20, 0x83, 0x23, 0x00, 0x0a, 0x82, 0x23, 0x11, 0x64, 0x2a, 0x20, 0x31, 
  0x20, 0x2a, 0x20, 0x2a, 0x20, 0x2a, 0x20, 0x32, 0x20, 0x23, 0x20, 0x20, 0x24, 0x26, 0x83, 0x23, 
  0x00, 0x0a, 0x82, 0x23, 0x05, 0x31, 0x23, 0x32, 0x23, 0x23, 0x2a, 0x82, 0x23, 0x00, 0x2a, 0x83, 
  0x23, 0x02, 0x32, 0x23, 0x20, 0x84, 0x23, 0x00, 0x0a, 0x82, 0x23, 0x01, 0x64, 0x2a, 0x82, 0x20, 
  0x82, 0x2a, 0x02, 0x64, 0x2a, 0x64, 0x82, 0x2a, 0x02, 0x64, 0x23, 0x40, 0x84, 0x23, 0x00, 0x0a, 
  0x98, 0x23, 0x00, 0x0a, 0x98, 0x23, 0x00, 0x0a, 0x98, 0x23, 0x2a, 0x0a, 0x54, 0x69, 0x74, 0x6c, 
  0x65, 0x3a, 0x20, 0x41, 0x64, 0x6d, 0x69, 0x74, 0x20, 0x4f, 0x6e, 0x65, 0x0a, 0x41, 0x75, 0x74, 
  0x68, 0x6f, 0x72, 0x3a, 0x20, 0x42, 0x72, 0x79, 0x61, 0x6e, 0x74, 0x20, 0x42, 0x72, 0x6f, 0x77, 
  0x6e, 0x65, 0x6c, 0x6c, 0x0a, 0x0a
};

// bips_platinum_1.bip, 5921 bytes of level text run length encoded to 2905
const unsigned char levelpack_bips_platinum_1[] PLATFORM_PROGMEM  = {
  0x2f, 0x44, 0x61, 0x74, 0x65, 0x20, 0x6f, 0x66, 0x20, 0x4c, 0x61, 0x73, 0x74, 0x20, 0x43, 0x68, 
  0x61, 0x6e, 0x67, 0x65, 0x3a, 0x20, 0x32, 0x30, 0x32, 0x35, 0x2e, 0x31, 0x32, 0x2e, 0x31, 0x31, 
  0x20, 0x2d, 0x20, 0x31, 0x35, 0x3a, 0x33, 0x32, 0x3a, 0x32, 0x33, 0x0a, 0x0a, 0x53, 0x65, 0x74, 
  0x3a, 0x86, 0x20, 0x1b, 0x42, 0x69, 0x70, 0x73, 0x20, 0x50, 0x6c, 0x61, 0x74, 0x69, 0x6e, 0x75, 
  0x6d, 0x20, 0x4c, 0x65, 0x76, 0x65, 0x6c, 0x73, 0x0a, 0x41, 0x75, 0x74, 0x68, 0x6f, 0x72, 0x3a, 
  0x83, 0x20, 0x15, 0x42, 0x72, 0x79, 0x61, 0x6e, 0x74, 0x20, 0x42, 0x72, 0x6f, 0x77, 0x6e, 0x65, 
  0x6c, 0x6c, 0x0a, 0x45, 0x6d, 0x61, 0x69, 0x6c, 0x3a, 0x84, 0x20, 0x26, 0x62, 0x72, 0x79, 0x61, 
  0x6e, 0x74, 0x2e, 0x62, 0x72, 0x6f, 0x77, 0x6e, 0x65, 0x6c, 0x6c, 0x40, 0x67, 0x6d, 0x61, 0x69, 
  0x6c, 0x2e, 0x63, 0x6f, 0x6d, 0x0a, 0x48, 0x6f, 0x6d, 0x65, 0x70, 0x61, 0x67, 0x65, 0x3a, 0x20, 
  0x20, 0x0a, 0x0a, 0xd6, 0x3a, 0x5a, 0x0a, 0x0a, 0x47, 0x65, 0x6e, 0x65, 0x72, 0x61, 0x74, 0x65, 
  0x64, 0x20, 0x66, 0x72, 0x6f, 0x6d, 0x20, 0x6d, 0x75, 0x6c, 0x74, 0x69, 0x70, 0x6c, 0x65, 0x20, 
  0x2a, 0x2e, 0x6c, 0x65, 0x76, 0x20, 0x66, 0x6f, 0x72, 0x6d, 0x61, 0x74, 0x20, 0x74, 0x6f, 0x20, 
  0x2e, 0x62, 0x69, 0x70, 0x20, 0x66, 0x6f, 0x72, 0x6d, 0x61, 0x74, 0x20, 0x66, 0x6f, 0x72, 0x20, 
  0x64, 0x65, 0x73, 0x63, 0x72, 0x69, 0x70, 0x74, 0x69, 0x6f, 0x6e, 0x20, 0x73, 0x65, 0x65, 0x20, 
  0x62, 0x6c, 0x69, 0x70, 0x73, 0x20, 0x72, 0x65, 0x61, 0x64, 0x6d, 0x65, 0x2e, 0x6d, 0x64, 0x0a, 
  0x0a, 0xd6, 0x3a, 0x03, 0x0a, 0x0a, 0x31, 0x0a, 0x98, 0x23, 0x00, 0x0a, 0x98, 0x23, 0x00, 0x0a, 
  0x98, 0x23, 0x00, 0x0a, 0x98, 0x23, 0x00, 0x0a, 0x82, 0x23, 0x00, 0x40, 0x90, 0x20, 0x83, 0x23, 
  0x00, 0x0a, 0x82, 0x23, 0x04, 0x20, 0x23, 0x23, 0x20, 0x20, 0x82, 0x23, 0x02, 0x20, 0x2a, 0x2a, 
  0x82, 0x20, 0x03, 0x24, 0x24, 0x20, 0x20, 0x83, 0x23, 0x00, 0x0a, 0x82, 0x23, 0x11, 0x20, 0x23, 
  0x64, 0x23, 0x20, 0x20, 0x23, 0x20, 0x20, 0x2a, 0x64, 0x2a, 0x20, 0x24, 0x20, 0x20, 0x24, 0x20, 
  0x83, 0x23, 0x00, 0x0a, 0x82, 0x23, 0x02, 0x20, 0x23, 0x78, 0x82, 0x20, 0x04, 0x78, 0x20, 0x20, 
  0x2a, 0x2a, 0x82, 0x20, 0x00, 0x62, 0x82, 0x20, 0x83, 0x23, 0x00, 0x0a, 0x82, 0x23, 0x09, 0x20, 
  0x23, 0x64, 0x23, 0x20, 0x20, 0x78, 0x20, 0x20, 0x2a, 0x84, 0x20, 0x02, 0x62, 0x20, 0x20, 0x83, 
  0x23, 0x00, 0x0a, 0x82, 0x23, 0x09, 0x20, 0x23, 0x64, 0x23, 0x20, 0x20, 0x23, 0x20, 0x20, 0x2a, 
  0x82, 0x20, 0x04, 0x24, 0x20, 0x20, 0x24, 0x20, 0x83, 0x23, 0x00, 0x0a, 0x82, 0x23, 0x04, 0x20, 
  0x23, 0x23, 0x20, 0x20, 0x82, 0x23, 0x01, 0x20, 0x2a, 0x83, 0x20, 0x03, 0x24, 0x24, 0x20, 0x20, 
  0x83, 0x23, 0x00, 0x0a, 0x82, 0x23, 0x91, 0x20, 0x83, 0x23, 0x00, 0x0a, 0x98, 0x23, 0x00, 0x0a, 
  0x98, 0x23, 0x00, 0x0a, 0x98, 0x23, 0x00, 0x0a, 0x98, 0x23, 0x2a, 0x0a, 0x54, 0x69, 0x74, 0x6c, 
  0x65, 0x3a, 0x20, 0x4c, 0x65, 0x76, 0x65, 0x6c, 0x20, 0x31, 0x0a, 0x41, 0x75, 0x74, 0x68, 0x6f, 
  0x72, 0x3a, 0x20, 0x42, 0x72, 0x79, 0x61, 0x6e, 0x74, 0x20, 0x42, 0x72, 0x6f, 0x77, 0x6e, 0x65, 
  0x6c, 0x6c, 0x0a, 0x0a, 0x32, 0x0a, 0x98, 0x23, 0x00, 0x0a, 0x98, 0x23, 0x00, 0x0a, 0x98, 0x23, 
  0x00, 0x0a, 0x98, 0x23, 0x00, 0x0a, 0x98, 0x23, 0x00, 0x0a, 0x83, 0x23, 0x82, 0x20, 0x0d, 0x23, 
  0x77, 0x23, 0x23, 0x77, 0x20, 0x77, 0x20, 0x23, 0x23, 0x20, 0x20, 0x78, 0x20, 0x83, 0x23, 0x00, 
  0x0a, 0x83, 0x23, 0x0b, 0x20, 0x40, 0x20, 0x23, 0x20, 0x64, 0x23, 0x20, 0x24, 0x20, 0x20, 0x23, 
  0x82, 0x20, 0x01, 0x23, 0x20, 0x83, 0x23, 0x00, 0x0a, 0x83, 0x23, 0x82, 0x20, 0x04, 0x23, 0x77, 
  0x23, 0x23, 0x77, 0x82, 0x20, 0x05, 0x23, 0x20, 0x62, 0x20, 0x23, 0x20, 0x83, 0x23, 0x00, 0x0a, 
  0x83, 0x23, 0x06, 0x20, 0x62, 0x20, 0x2a, 0x20, 0x64, 0x23, 0x83, 0x20, 0x00, 0x2a, 0x82, 0x20, 
  0x01, 0x23, 0x20, 0x83, 0x23, 0x00, 0x0a, 0x83, 0x23, 0x82, 0x20, 0x84, 0x23, 0x82, 0x20, 0x00, 
  0x23, 0x82, 0x20, 0x01, 0x23, 0x64, 0x83, 0x23, 0x00, 0x0a, 0x83, 0x23, 0x03, 0x20, 0x24, 0x20, 
  0x78, 0x85, 0x20, 0x82, 0x23, 0x03, 0x20, 0x20, 0x23, 0x64, 0x83, 0x23, 0x00, 0x0a, 0x83, 0x23, 
  0x82, 0x20, 0x89, 0x23, 0x03, 0x20, 0x20, 0x78, 0x20, 0x83, 0x23, 0x00, 0x0a, 0x98, 0x23, 0x00, 
  0x0a, 0x98, 0x23, 0x00, 0x0a, 0x98, 0x23, 0x00, 0x0a, 0x98, 0x23, 0x2a, 0x0a, 0x54, 0x69, 0x74, 
  0x6c, 0x65, 0x3a, 0x20, 0x4c, 0x65, 0x76, 0x65, 0x6c, 0x20, 0x32, 0x0a, 0x41, 0x75, 0x74, 0x68, 
  0x6f, 0x72, 0x3a, 0x20, 0x42, 0x72, 0x79, 0x61, 0x6e, 0x74, 0x20, 0x42, 0x72, 0x6f, 0x77, 0x6e, 
  0x65, 0x6c, 0x6c, 0x0a, 0x0a, 0x33, 0x0a, 0x98, 0x23, 0x00, 0x0a, 0x98, 0x23, 0x00, 0x0a, 0x98, 
  0x23, 0x00, 0x0a, 0x98, 0x23, 0x00, 0x0a, 0x89, 0x23, 0x02, 0x20, 0x20, 0x23, 0x82, 0x20, 0x00, 
  0x23, 0x84, 0x20, 0x82, 0x23, 0x00, 0x0a, 0x82, 0x23, 0x00, 0x40, 0x82, 0x20, 0x0e, 0x23, 0x64, 
  0x24, 0x20, 0x20, 0x23, 0x20, 0x62, 0x20, 0x23, 0x64, 0x24, 0x24, 0x20, 0x20, 0x82, 0x23, 0x00, 
  0x0a, 0x83, 0x23, 0x08, 0x20, 0x24, 0x20, 0x23, 0x20, 0x23, 0x20, 0x20, 0x23, 0x82, 0x20, 0x05, 
  0x23, 0x64, 0x23, 0x24, 0x20, 0x20, 0x82, 0x23, 0x00, 0x0a, 0x83, 0x23, 0x0e, 0x20, 0x64, 0x20, 
  0x23, 0x20, 0x23, 0x20, 0x20, 0x23, 0x20, 0x62, 0x20, 0x23, 0x20, 0x64, 0x82, 0x20, 0x82, 0x23, 
  0x00, 0x0a, 0x83, 0x23, 0x82, 0x20, 0x05, 0x23, 0x20, 0x23, 0x20, 0x20, 0x23, 0x82, 0x20, 0x83, 
  0x23, 0x01, 0x20, 0x20, 0x82, 0x23, 0x00, 0x0a, 0x84, 0x23, 0x10, 0x2a, 0x23, 0x77, 0x20, 0x77, 
  0x20, 0x20, 0x2a, 0x20, 0x62, 0x20, 0x2a, 0x77, 0x24, 0x78, 0x20, 0x20, 0x82, 0x23, 0x00, 0x0a, 
  0x83, 0x23, 0x82, 0x20, 0x82, 0x23, 0x02, 0x20, 0x23, 0x23, 0x82, 0x20, 0x83, 0x23, 0x01, 0x62, 
  0x20, 0x82, 0x23, 0x00, 0x0a, 0x83, 0x23, 0x11, 0x20, 0x24, 0x20, 0x2a, 0x20, 0x77, 0x20, 0x77, 
  0x23, 0x20, 0x62, 0x20, 0x23, 0x64, 0x2a, 0x2a, 0x20, 0x20, 0x82, 0x23, 0x00, 0x0a, 0x8c, 0x23, 
  0x82, 0x20, 0x88, 0x23, 0x00, 0x0a, 0x98, 0x23, 0x00, 0x0a, 0x98, 0x23, 0x00, 0x0a, 0x98, 0x23, 
  0x2a, 0x0a, 0x54, 0x69, 0x74, 0x6c, 0x65, 0x3a, 0x20, 0x4c, 0x65, 0x76, 0x65, 0x6c, 0x20, 0x33, 
  0x0a, 0x41, 0x75, 0x74, 0x68, 0x6f, 0x72, 0x3a, 0x20, 0x42, 0x72, 0x79, 0x61, 0x6e, 0x74, 0x20, 
  0x42, 0x72, 0x6f, 0x77, 0x6e, 0x65, 0x6c, 0x6c, 0x0a, 0x0a, 0x34, 0x0a, 0x98, 0x23, 0x00, 0x0a, 
  0x98, 0x23, 0x00, 0x0a, 0x98, 0x23, 0x00, 0x0a, 0x98, 0x23, 0x00, 0x0a, 0x84, 0x23, 0x01, 0x64, 
  0x78, 0x82, 0x20, 0x00, 0x23, 0x82, 0x20, 0x00, 0x23, 0x82, 0x20, 0x86, 0x23, 0x00, 0x0a, 0x86, 
  0x23, 0x82, 0x20, 0x04, 0x78, 0x20, 0x64, 0x20, 0x78, 0x83, 0x20, 0x85, 0x23, 0x00, 0x0a, 0x85, 
  0x23, 0x04, 0x20, 0x20, 0x62, 0x20, 0x23, 0x82, 0x20, 0x02, 0x23, 0x20, 0x62, 0x82, 0x20, 0x84, 
  0x23, 0x00, 0x0a, 0x84, 0x23, 0x84, 0x20, 0x84, 0x23, 0x84, 0x20, 0x84, 0x23, 0x00, 0x0a, 0x84, 
  0x23, 0x0e, 0x20, 0x40, 0x20, 0x62, 0x20, 0x78, 0x64, 0x2a, 0x64, 0x78, 0x20, 0x62, 0x20, 0x24, 
  0x20, 0x84, 0x23, 0x00, 0x0a, 0x84, 0x23, 0x84, 0x20, 0x84, 0x23, 0x84, 0x20, 0x84, 0x23, 0x00, 
  0x0a, 0x85, 0x23, 0x04, 0x20, 0x20, 0x62, 0x20, 0x23, 0x82, 0x20, 0x02, 0x23, 0x20, 0x62, 0x82, 
  0x20, 0x84, 0x23, 0x00, 0x0a, 0x86, 0x23, 0x82, 0x20, 0x04, 0x78, 0x20, 0x64, 0x20, 0x78, 0x83, 
  0x20, 0x85, 0x23, 0x00, 0x0a, 0x84, 0x23, 0x01, 0x64, 0x78, 0x82, 0x20, 0x00, 0x23, 0x82, 0x20, 
  0x00, 0x23, 0x82, 0x20, 0x86, 0x23, 0x00, 0x0a, 0x98, 0x23, 0x00, 0x0a, 0x98, 0x23, 0x00, 0x0a, 
  0x98, 0x23, 0x2a, 0x0a, 0x54, 0x69, 0x74, 0x6c, 0x65, 0x3a, 0x20, 0x4c, 0x65, 0x76, 0x65, 0x6c, 
  0x20, 0x34, 0x0a, 0x41, 0x75, 0x74, 0x68, 0x6f, 0x72, 0x3a, 0x20, 0x42, 0x72, 0x79, 0x61, 0x6e, 
  0x74, 0x20, 0x42, 0x72, 0x6f, 0x77, 0x6e, 0x65, 0x6c, 0x6c, 0x0a, 0x0a, 0x35, 0x0a, 0x98, 0x23, 
  0x00, 0x0a, 0x98, 0x23, 0x00, 0x0a, 0x98, 0x23, 0x00, 0x0a, 0x98, 0x23, 0x00, 0x0a, 0x8b, 0x23, 
  0x04, 0x64, 0x2a, 0x20, 0x24, 0x78, 0x82, 0x23, 0x00, 0x64, 0x83, 0x23, 0x00, 0x0a, 0x83, 0x23, 
  0x05, 0x40, 0x20, 0x20, 0x64, 0x20, 0x20, 0x83, 0x23, 0x84, 0x20, 0x01, 0x77, 0x20, 0x83, 0x23, 
  0x00, 0x0a, 0x83, 0x23, 0x85, 0x20, 0x03, 0x2a, 0x64, 0x64, 0x2a, 0x84, 0x20, 0x01, 0x77, 0x20, 
  0x83, 0x23, 0x00, 0x0a, 0x83, 0x23, 0x82, 0x20, 0x02, 0x24, 0x20, 0x20, 0x83, 0x23, 0x06, 0x20, 
  0x20, 0x62, 0x20, 0x20, 0x77, 0x20, 0x83, 0x23, 0x00, 0x0a, 0x83, 0x23, 0x85, 0x20, 0x83, 0x23, 
  0x84, 0x20, 0x01, 0x78, 0x20, 0x83, 0x23, 0x00, 0x0a, 0x83, 0x23, 0x82, 0x20, 0x0b, 0x24, 0x20, 
  0x20, 0x23, 0x77, 0x20, 0x77, 0x20, 0x20, 0x62, 0x20, 0x20, 0x85, 0x23, 0x00, 0x0a, 0x83, 0x23, 
  0x00, 0x64, 0x82, 0x23, 0x05, 0x20, 0x20, 0x23, 0x23, 0x64, 0x23, 0x84, 0x20, 0x01, 0x78, 0x64, 
  0x83, 0x23, 0x00, 0x0a, 0x98, 0x23, 0x00, 0x0a, 0x98, 0x23, 0x00, 0x0a, 0x98, 0x23, 0x00, 0x0a, 
  0x98, 0x23, 0x00, 0x0a, 0x98, 0x23, 0x2a, 0x0a, 0x54, 0x69, 0x74, 0x6c, 0x65, 0x3a, 0x20, 0x4c, 
  0x65, 0x76, 0x65, 0x6c, 0x20, 0x35, 0x0a, 0x41, 0x75, 0x74, 0x68, 0x6f, 0x72, 0x3a, 0x20, 0x42, 
  0x72, 0x79, 0x61, 0x6e, 0x74, 0x20, 0x42, 0x72, 0x6f, 0x77, 0x6e, 0x65, 0x6c, 0x6c, 0x0a, 0x0a, 
  0x36, 0x0a, 0x98, 0x23, 0x00, 0x0a, 0x98, 0x23, 0x00, 0x0a, 0x98, 0x23, 0x00, 0x0a, 0x98, 0x23, 
  0x00, 0x0a, 0x98, 0x23, 0x00, 0x0a, 0x86, 0x23, 0x0a, 0x64, 0x23, 0x64, 0x23, 0x64, 0x23, 0x64, 
  0x23, 0x64, 0x23, 0x64, 0x86, 0x23, 0x00, 0x0a, 0x86, 0x23, 0x8a, 0x78, 0x86, 0x23, 0x00, 0x0a, 
  0x86, 0x23, 0x89, 0x20, 0x00, 0x2a, 0x86, 0x23, 0x00, 0x0a, 0x86, 0x23, 0x83, 0x62, 0x01, 0x20, 
  0x64, 0x84, 0x20, 0x86, 0x23, 0x00, 0x0a, 0x86, 0x23, 0x82, 0x20, 0x03, 0x24, 0x20, 0x20, 0x64, 
  0x83, 0x20, 0x86, 0x23, 0x00, 0x0a, 0x86, 0x23, 0x82, 0x62, 0x84, 0x20, 0x02, 0x24, 0x20, 0x20, 
  0x86, 0x23, 0x00, 0x0a, 0x86, 0x23, 0x89, 0x20, 0x00, 0x40, 0x86, 0x23, 0x00, 0x0a, 0x98, 0x23, 
  0x00, 0x0a, 0x98, 0x23, 0x00, 0x0a, 0x98, 0x23, 0x00, 0x0a, 0x98, 0x23, 0x2a, 0x0a, 0x54, 0x69, 
  0x74, 0x6c, 0x65, 0x3a, 0x20, 0x4c, 0x65, 0x76, 0x65, 0x6c, 0x20, 0x36, 0x0a, 0x41, 0x75, 0x74, 
  0x68, 0x6f, 0x72, 0x3a, 0x20, 0x42, 0x72, 0x79, 0x61, 0x6e, 0x74, 0x20, 0x42, 0x72, 0x6f, 0x77, 
  0x6e, 0x65, 0x6c, 0x6c, 0x0a, 0x0a, 0x37, 0x0a, 0x98, 0x23, 0x00, 0x0a, 0x98, 0x23, 0x00, 0x0a, 
  0x98, 0x23, 0x00, 0x0a, 0x98, 0x23, 0x00, 0x0a, 0x98, 0x23, 0x00, 0x0a, 0x82, 0x23, 0x82, 0x20, 
  0x00, 0x23, 0x82, 0x20, 0x00, 0x23, 0x82, 0x20, 0x00, 0x23, 0x82, 0x20, 0x00, 0x23, 0x82, 0x20, 
  0x82, 0x23, 0x00, 0x0a, 0x82, 0x23, 0x07, 0x20, 0x40, 0x20, 0x62, 0x20, 0x2a, 0x20, 0x62, 0x82, 
  0x20, 0x00, 0x2a, 0x82, 0x20, 0x03, 0x78, 0x20, 0x64, 0x20, 0x82, 0x23, 0x00, 0x0a, 0x82, 0x23, 
  0x82, 0x20, 0x00, 0x23, 0x82, 0x20, 0x00, 0x23, 0x82, 0x20, 0x00, 0x23, 0x82, 0x20, 0x00, 0x23, 
  0x82, 0x20, 0x82, 0x23, 0x00, 0x0a, 0x83, 0x23, 0x00, 0x24, 0x82, 0x23, 0x00, 0x24, 0x82, 0x23, 
  0x00, 0x24, 0x82, 0x23, 0x00, 0x78, 0x82, 0x23, 0x00, 0x78, 0x83, 0x23, 0x00, 0x0a, 0x82, 0x23, 
  0x82, 0x20, 0x00, 0x23, 0x82, 0x20, 0x00, 0x23, 0x82, 0x20, 0x00, 0x23, 0x82, 0x20, 0x00, 0x23, 
  0x82, 0x20, 0x82, 0x23, 0x00, 0x0a, 0x82, 0x23, 0x03, 0x20, 0x2a, 0x20, 0x24, 0x82, 0x20, 0x04, 
  0x24, 0x20, 0x64, 0x20, 0x2a, 0x82, 0x20, 0x03, 0x24, 0x20, 0x64, 0x20, 0x82, 0x23, 0x00, 0x0a, 
  0x82, 0x23, 0x82, 0x20, 0x00, 0x23, 0x82, 0x20, 0x00, 0x23, 0x82, 0x20, 0x00, 0x23, 0x82, 0x20, 
  0x00, 0x23, 0x82, 0x20, 0x82, 0x23, 0x00, 0x0a, 0x98, 0x23, 0x00, 0x0a, 0x98, 0x23, 0x00, 0x0a, 
  0x98, 0x23, 0x00, 0x0a, 0x98, 0x23, 0x2a, 0x0a, 0x54, 0x69, 0x74, 0x6c, 0x65, 0x3a, 0x20, 0x4c, 
  0x65, 0x76, 0x65, 0x6c, 0x20, 0x37, 0x0a, 0x41, 0x75, 0x74, 0x68, 0x6f, 0x72, 0x3a, 0x20, 0x42, 
  0x72, 0x79, 0x61, 0x6e, 0x74, 0x20, 0x42, 0x72, 0x6f, 0x77, 0x6e, 0x65, 0x6c, 0x6c, 0x0a, 0x0a, 
  0x38, 0x0a, 0x98, 0x23, 0x00, 0x0a, 0x98, 0x23, 0x00, 0x0a, 0x98, 0x23, 0x00, 0x0a, 0x98, 0x23, 
  0x00, 0x0a, 0x98, 0x23, 0x00, 0x0a, 0x82, 0x23, 0x82, 0x20, 0x00, 0x62, 0x82, 0x20, 0x00, 0x62, 
  0x83, 0x20, 0x00, 0x78, 0x82, 0x20, 0x01, 0x78, 0x64, 0x83, 0x23, 0x00, 0x0a, 0x82, 0x23, 0x01, 
  0x20, 0x40, 0x82, 0x20, 0x00, 0x62, 0x82, 0x20, 0x00, 0x62, 0x83, 0x20, 0x03, 0x78, 0x20, 0x78, 
  0x64, 0x83, 0x23, 0x00, 0x0a, 0x82, 0x23, 0x82, 0x20, 0x00, 0x62, 0x82, 0x20, 0x00, 0x62, 0x83, 
  0x20, 0x00, 0x78, 0x82, 0x20, 0x01, 0x78, 0x64, 0x83, 0x23, 0x00, 0x0a, 0x8f, 0x23, 0x04, 0x20, 
  0x78, 0x20, 0x78, 0x64, 0x83, 0x23, 0x00, 0x0a, 0x82, 0x23, 0x82, 0x20, 0x03, 0x2a, 0x20, 0x20, 
  0x78, 0x84, 0x20, 0x00, 0x78, 0x82, 0x20, 0x01, 0x78, 0x64, 0x83, 0x23, 0x00, 0x0a, 0x82, 0x23, 
  0x03, 0x20, 0x64, 0x20, 0x2a, 0x84, 0x20, 0x00, 0x78, 0x83, 0x20, 0x03, 0x78, 0x20, 0x78, 0x64, 
  0x83, 0x23, 0x00, 0x0a, 0x82, 0x23, 0x82, 0x20, 0x03, 0x2a, 0x20, 0x20, 0x78, 0x84, 0x20, 0x00, 
  0x78, 0x82, 0x20, 0x01, 0x78, 0x64, 0x83, 0x23, 0x00, 0x0a, 0x98, 0x23, 0x00, 0x0a, 0x98, 0x23, 
  0x00, 0x0a, 0x98, 0x23, 0x00, 0x0a, 0x98, 0x23, 0x2a, 0x0a, 0x54, 0x69, 0x74, 0x6c, 0x65, 0x3a, 
  0x20, 0x4c, 0x65, 0x76, 0x65, 0x6c, 0x20, 0x38, 0x0a, 0x41, 0x75, 0x74, 0x68, 0x6f, 0x72, 0x3a, 
  0x20, 0x42, 0x72, 0x79, 0x61, 0x6e, 0x74, 0x20, 0x42, 0x72, 0x6f, 0x77, 0x6e, 0x65, 0x6c, 0x6c, 
  0x0a, 0x0a, 0x39, 0x0a, 0x98, 0x23, 0x00, 0x0a, 0x98, 0x23, 0x00, 0x0a, 0x98, 0x23, 0x00, 0x0a, 
  0x98, 0x23, 0x00, 0x0a, 0x82, 0x23, 0x00, 0x40, 0x91, 0x77, 0x82, 0x23, 0x00, 0x0a, 0x82, 0x23, 
  0x82, 0x77, 0x00, 0x20, 0x84, 0x77, 0x00, 0x20, 0x88, 0x77, 0x82, 0x23, 0x00, 0x0a, 0x82, 0x23, 
  0x8e, 0x77, 0x00, 0x20, 0x82, 0x77, 0x82, 0x23, 0x00, 0x0a, 0x82, 0x23, 0x92, 0x77, 0x82, 0x23, 
  0x00, 0x0a, 0x82, 0x23, 0x8b, 0x77, 0x00, 0x20, 0x85, 0x77, 0x82, 0x23, 0x00, 0x0a, 0x82, 0x23, 
  0x02, 0x77, 0x77, 0x20, 0x8d, 0x77, 0x01, 0x20, 0x77, 0x82, 0x23, 0x00, 0x0a, 0x82, 0x23, 0x87, 
  0x77, 0x00, 0x20, 0x84, 0x77, 0x00, 0x20, 0x82, 0x77, 0x00, 0x20, 0x82, 0x23, 0x00, 0x0a, 0x82, 
  0x23, 0x84, 0x77, 0x00, 0x20, 0x84, 0x77, 0x00, 0x20, 0x85, 0x77, 0x00, 0x20, 0x82, 0x23, 0x00, 
  0x0a, 0x82, 0x23, 0x91, 0x77, 0x00, 0x64, 0x82, 0x23, 0x00, 0x0a, 0x98, 0x23, 0x00, 0x0a, 0x98, 
  0x23, 0x00, 0x0a, 0x98, 0x23, 0x2b, 0x0a, 0x54, 0x69, 0x74, 0x6c, 0x65, 0x3a, 0x20, 0x4c, 0x65, 
  0x76, 0x65, 0x6c, 0x20, 0x39, 0x0a, 0x41, 0x75, 0x74, 0x68, 0x6f, 0x72, 0x3a, 0x20, 0x42, 0x72, 
  0x79, 0x61, 0x6e, 0x74, 0x20, 0x42, 0x72, 0x6f, 0x77, 0x6e, 0x65, 0x6c, 0x6c, 0x0a, 0x0a, 0x31, 
  0x30, 0x0a, 0x98, 0x23, 0x00, 0x0a, 0x98, 0x23, 0x00, 0x0a, 0x98, 0x23, 0x00, 0x0a, 0x98, 0x23, 
  0x00, 0x0a, 0x98, 0x23, 0x00, 0x0a, 0x85, 0x23, 0x0c, 0x64, 0x2a, 0x2a, 0x20, 0x20, 0x2a, 0x20, 
  0x2a, 0x2a, 0x20, 0x2a, 0x2a, 0x64, 0x85, 0x23, 0x00, 0x0a, 0x86, 0x23, 0x82, 0x2a, 0x07, 0x20, 
  0x2a, 0x64, 0x2a, 0x2a, 0x20, 0x2a, 0x20, 0x86, 0x23, 0x00, 0x0a, 0x85, 0x23, 0x0c, 0x20, 0x2a, 
  0x2a, 0x20, 0x20, 0x2a, 0x20, 0x2a, 0x20, 0x2a, 0x2a, 0x20, 0x20, 0x85, 0x23, 0x00, 0x0a, 0x85, 
  0x23, 0x84, 0x20, 0x02, 0x77, 0x20, 0x62, 0x84, 0x20, 0x85, 0x23, 0x00, 0x0a, 0x86, 0x23, 0x00, 
  0x64, 0x82, 0x23, 0x00, 0x20, 0x84, 0x23, 0x00, 0x64, 0x86, 0x23, 0x00, 0x0a, 0x85, 0x23, 0x82, 
  0x20, 0x06, 0x24, 0x20, 0x77, 0x20, 0x24, 0x20, 0x24, 0x82, 0x20, 0x85, 0x23, 0x00, 0x0a, 0x85, 
  0x23, 0x82, 0x20, 0x06, 0x78, 0x20, 0x20, 0x40, 0x20, 0x20, 0x78, 0x82, 0x20, 0x85, 0x23, 0x00, 
  0x0a, 0x98, 0x23, 0x00, 0x0a, 0x98, 0x23, 0x00, 0x0a, 0x98, 0x23, 0x00, 0x0a, 0x98, 0x23, 0x2c, 
  0x0a, 0x54, 0x69, 0x74, 0x6c, 0x65, 0x3a, 0x20, 0x4c, 0x65, 0x76, 0x65, 0x6c, 0x20, 0x31, 0x30, 
  0x0a, 0x41, 0x75, 0x74, 0x68, 0x6f, 0x72, 0x3a, 0x20, 0x42, 0x72, 0x79, 0x61, 0x6e, 0x74, 0x20, 
  0x42, 0x72, 0x6f, 0x77, 0x6e, 0x65, 0x6c, 0x6c, 0x0a, 0x0a, 0x31, 0x31, 0x0a, 0x98, 0x23, 0x00, 
  0x0a, 0x98, 0x23, 0x00, 0x0a, 0x98, 0x23, 0x00, 0x0a, 0x98, 0x23, 0x00, 0x0a, 0x98, 0x23, 0x00, 
  0x0a, 0x8b, 0x23, 0x83, 0x77, 0x88, 0x23, 0x00, 0x0a, 0x87, 0x23, 0x82, 0x20, 0x01, 0x23, 0x20, 
  0x82, 0x77, 0x88, 0x23, 0x00, 0x0a, 0x87, 0x23, 0x06, 0x20, 0x20, 0x24, 0x40, 0x77, 0x20, 0x20, 
  0x89, 0x23, 0x00, 0x0a, 0x88, 0x23, 0x05, 0x64, 0x23, 0x23, 0x2a, 0x77, 0x20, 0x89, 0x23, 0x00, 
  0x0a, 0x88, 0x23, 0x04, 0x20, 0x23, 0x20, 0x20, 0x77, 0x8a, 0x23, 0x00, 0x0a, 0x87, 0x23, 0x06, 
  0x64, 0x2a, 0x24, 0x20, 0x20, 0x2a, 0x64, 0x89, 0x23, 0x00, 0x0a, 0x98, 0x23, 0x00, 0x0a, 0x98, 
  0x23, 0x00, 0x0a, 0x98, 0x23, 0x00, 0x0a, 0x98, 0x23, 0x00, 0x0a, 0x98, 0x23, 0x2c, 0x0a, 0x54, 
  0x69, 0x74, 0x6c, 0x65, 0x3a, 0x20, 0x4c, 0x65, 0x76, 0x65, 0x6c, 0x20, 0x31, 0x31, 0x0a, 0x41, 
  0x75, 0x74, 0x68, 0x6f, 0x72, 0x3a, 0x20, 0x42, 0x72, 0x79, 0x61, 0x6e, 0x74, 0x20, 0x42, 0x72, 
  0x6f, 0x77, 0x6e, 0x65, 0x6c, 0x6c, 0x0a, 0x0a, 0x31, 0x32, 0x0a, 0x98, 0x23, 0x00, 0x0a, 0x98, 
  0x23, 0x00, 0x0a, 0x98, 0x23, 0x00, 0x0a, 0x98, 0x23, 0x00, 0x0a, 0x82, 0x23, 0x12, 0x40, 0x24, 
  0x20, 0x24, 0x20, 0x24, 0x20, 0x24, 0x20, 0x24, 0x64, 0x24, 0x20, 0x24, 0x20, 0x24, 0x20, 0x24, 
  0x20, 0x82, 0x23, 0x00, 0x0a, 0x82, 0x23, 0x12, 0x24, 0x20, 0x24, 0x64, 0x24, 0x20, 0x24, 0x20, 
  0x24, 0x20, 0x24, 0x20, 0x24, 0x64, 0x24, 0x20, 0x24, 0x20, 0x24, 0x82, 0x23, 0x00, 0x0a, 0x82, 
  0x23, 0x12, 0x20, 0x24, 0x20, 0x24, 0x20, 0x24, 0x64, 0x24, 0x20, 0x24, 0x20, 0x24, 0x20, 0x24, 
  0x20, 0x24, 0x64, 0x24, 0x20, 0x82, 0x23, 0x00, 0x0a, 0x82, 0x23, 0x12, 0x24, 0x20, 0x24, 0x20, 
  0x24, 0x20, 0x24, 0x20, 0x24, 0x64, 0x24, 0x20, 0x24, 0x20, 0x24, 0x20, 0x24, 0x20, 0x24, 0x82, 
  0x23, 0x00, 0x0a, 0x82, 0x23, 0x12, 0x20, 0x24, 0x64, 0x24, 0x20, 0x24, 0x20, 0x24, 0x20, 0x24, 
  0x20, 0x24, 0x64, 0x24, 0x20, 0x24, 0x20, 0x24, 0x20, 0x82, 0x23, 0x00, 0x0a, 0x82, 0x23, 0x12, 
  0x24, 0x20, 0x24, 0x20, 0x24, 0x64, 0x24, 0x20, 0x24, 0x20, 0x24, 0x20, 0x24, 0x20, 0x24, 0x64, 
  0x24, 0x20, 0x24, 0x82, 0x23, 0x00, 0x0a, 0x82, 0x23, 0x12, 0x20, 0x24, 0x20, 0x24, 0x20, 0x24, 
  0x20, 0x24, 0x64, 0x24, 0x20, 0x24, 0x20, 0x24, 0x20, 0x24, 0x20, 0x24, 0x64, 0x82, 0x23, 0x00, 
  0x0a, 0x82, 0x23, 0x12, 0x24, 0x64, 0x24, 0x20, 0x24, 0x20, 0x24, 0x20, 0x24, 0x20, 0x24, 0x64, 
  0x24, 0x20, 0x24, 0x20, 0x24, 0x20, 0x24, 0x82, 0x23, 0x00, 0x0a, 0x82, 0x23, 0x12, 0x20, 0x24, 
  0x20, 0x24, 0x64, 0x24, 0x20, 0x24, 0x20, 0x24, 0x20, 0x24, 0x20, 0x24, 0x64, 0x24, 0x20, 0x24, 
  0x20, 0x82, 0x23, 0x00, 0x0a, 0x98, 0x23, 0x00, 0x0a, 0x98, 0x23, 0x00, 0x0a, 0x98, 0x23, 0x28, 
  0x0a, 0x54, 0x69, 0x74, 0x6c, 0x65, 0x3a, 0x20, 0x4c, 0x65, 0x76, 0x65, 0x6c, 0x20, 0x31, 0x32, 
  0x0a, 0x41, 0x75, 0x74, 0x68, 0x6f, 0x72, 0x3a, 0x20, 0x42, 0x72, 0x79, 0x61, 0x6e, 0x74, 0x20, 
  0x42, 0x72, 0x6f, 0x77, 0x6e, 0x65, 0x6c, 0x6c, 0x0a
};

// bips_platinum_2.bip, 6400 bytes of level text run length encoded to 2957
const unsigned char levelpack_bips_platinum_2[] PLATFORM_PROGMEM  = {
  0x2f, 0x44, 0x61, 0x74, 0x65, 0x20, 0x6f, 0x66, 0x20, 0x4c, 0x61, 0x73, 0x74, 0x20, 0x43, 0x68, 
  0x61, 0x6e, 0x67, 0x65, 0x3a, 0x20, 0x32, 0x30, 0x32, 0x35, 0x2e, 0x31, 0x32, 0x2e, 0x31, 0x31, 
  0x20, 0x2d, 0x20, 0x31, 0x35, 0x3a, 0x33, 0x32, 0x3a, 0x32, 0x33, 0x0a, 0x0a, 0x53, 0x65, 0x74, 
  0x3a, 0x86, 0x20, 0x1b, 0x42, 0x69, 0x70, 0x73, 0x20, 0x50, 0x6c, 0x61, 0x74, 0x69, 0x6e, 0x75, 
  0x6d, 0x20, 0x4c, 0x65, 0x76, 0x65, 0x6c, 0x73, 0x0a, 0x41, 0x75, 0x74, 0x68, 0x6f, 0x72, 0x3a, 
  0x83, 0x20, 0x15, 0x42, 0x72, 0x79, 0x61, 0x6e, 0x74, 0x20, 0x42, 0x72, 0x6f, 0x77, 0x6e, 0x65, 
  0x6c, 0x6c, 0x0a, 0x45, 0x6d, 0x61, 0x69, 0x6c, 0x3a, 0x84, 0x20, 0x26, 0x62, 0x72, 0x79, 0x61, 
  0x6e, 0x74, 0x2e, 0x62, 0x72, 0x6f, 0x77, 0x6e, 0x65, 0x6c, 0x6c, 0x40, 0x67, 0x6d, 0x61, 0x69, 
  0x6c, 0x2e, 0x63, 0x6f, 0x6d, 0x0a, 0x48, 0x6f, 0x6d, 0x65, 0x70, 0x61, 0x67, 0x65, 0x3a, 0x20, 
  0x20, 0x0a, 0x0a, 0xd6, 0x3a, 0x5a, 0x0a, 0x0a, 0x47, 0x65, 0x6e, 0x65, 0x72, 0x61, 0x74, 0x65, 
  0x64, 0x20, 0x66, 0x72, 0x6f, 0x6d, 0x20, 0x6d, 0x75, 0x6c, 0x74, 0x69, 0x70, 0x6c, 0x65, 0x20, 
  0x2a, 0x2e, 0x6c, 0x65, 0x76, 0x20, 0x66, 0x6f, 0x72, 0x6d, 0x61, 0x74, 0x20, 0x74, 0x6f, 0x20, 
  0x2e, 0x62, 0x69, 0x70, 0x20, 0x66, 0x6f, 0x72, 0x6d, 0x61, 0x74, 0x20, 0x66, 0x6f, 0x72, 0x20, 
  0x64, 0x65, 0x73, 0x63, 0x72, 0x69, 0x70, 0x74, 0x69, 0x6f, 0x6e, 0x20, 0x73, 0x65, 0x65, 0x20, 
  0x62, 0x6c, 0x69, 0x70, 0x73, 0x20, 0x72, 0x65, 0x61, 0x64, 0x6d, 0x65, 0x2e, 0x6d, 0x64, 0x0a, 
  0x0a, 0xd6, 0x3a, 0x04, 0x0a, 0x0a, 0x31, 0x33, 0x0a, 0x98, 0x23, 0x00, 0x0a, 0x98, 0x23, 0x00, 
  0x0a, 0x98, 0x23, 0x00, 0x0a, 0x98, 0x23, 0x00, 0x0a, 0x98, 0x23, 0x00, 0x0a, 0x85, 0x23, 0x87, 
  0x20, 0x82, 0x2a, 0x01, 0x78, 0x64, 0x85, 0x23, 0x00, 0x0a, 0x85, 0x23, 0x01, 0x62, 0x62, 0x85, 
  0x20, 0x04, 0x78, 0x20, 0x2a, 0x20, 0x78, 0x85, 0x23, 0x00, 0x0a, 0x85, 0x23, 0x0c, 0x20, 0x62, 
  0x20, 0x62, 0x20, 0x77, 0x77, 0x20, 0x20, 0x78, 0x78, 0x2a, 0x78, 0x85, 0x23, 0x00, 0x0a, 0x85, 
  0x23, 0x00, 0x62, 0x83, 0x20, 0x01, 0x78, 0x77, 0x82, 0x20, 0x02, 0x78, 0x2a, 0x64, 0x85, 0x23, 
  0x00, 0x0a, 0x84, 0x23, 0x89, 0x20, 0x03, 0x64, 0x20, 0x78, 0x78, 0x85, 0x23, 0x00, 0x0a, 0x84, 
  0x23, 0x00, 0x40, 0x87, 0x20, 0x04, 0x2a, 0x78, 0x2a, 0x20, 0x64, 0x85, 0x23, 0x00, 0x0a, 0x98, 
  0x23, 0x00, 0x0a, 0x98, 0x23, 0x00, 0x0a, 0x98, 0x23, 0x00, 0x0a, 0x98, 0x23, 0x00, 0x0a, 0x98, 
  0x23, 0x2c, 0x0a, 0x54, 0x69, 0x74, 0x6c, 0x65, 0x3a, 0x20, 0x4c, 0x65, 0x76, 0x65, 0x6c, 0x20, 
  0x31, 0x33, 0x0a, 0x41, 0x75, 0x74, 0x68, 0x6f, 0x72, 0x3a, 0x20, 0x42, 0x72, 0x79, 0x61, 0x6e, 
  0x74, 0x20, 0x42, 0x72, 0x6f, 0x77, 0x6e, 0x65, 0x6c, 0x6c, 0x0a, 0x0a, 0x31, 0x34, 0x0a, 0x98, 
  0x23, 0x00, 0x0a, 0x98, 0x23, 0x00, 0x0a, 0x98, 0x23, 0x00, 0x0a, 0x98, 0x23, 0x00, 0x0a, 0x84, 
  0x23, 0x83, 0x20, 0x0a, 0x23, 0x20, 0x20, 0x24, 0x20, 0x20, 0x2a, 0x2a, 0x23, 0x2a, 0x64, 0x84, 
  0x23, 0x00, 0x0a, 0x84, 0x23, 0x0d, 0x24, 0x77, 0x24, 0x77, 0x23, 0x20, 0x20, 0x24, 0x77, 0x20, 
  0x20, 0x62, 0x78, 0x2a, 0x85, 0x23, 0x00, 0x0a, 0x84, 0x23, 0x83, 0x20, 0x03, 0x23, 0x20, 0x64, 
  0x24, 0x83, 0x20, 0x01, 0x78, 0x2a, 0x85, 0x23, 0x00, 0x0a, 0x84, 0x23, 0x0d, 0x20, 0x64, 0x64, 
  0x20, 0x23, 0x64, 0x20, 0x24, 0x20, 0x23, 0x20, 0x20, 0x23, 0x2a, 0x85, 0x23, 0x00, 0x0a, 0x84, 
  0x23, 0x03, 0x77, 0x24, 0x77, 0x24, 0x83, 0x23, 0x05, 0x20, 0x23, 0x20, 0x20, 0x23, 0x2a, 0x85, 
  0x23, 0x00, 0x0a, 0x84, 0x23, 0x82, 0x20, 0x0a, 0x40, 0x23, 0x64, 0x2a, 0x20, 0x20, 0x2a, 0x20, 
  0x20, 0x23, 0x2a, 0x85, 0x23, 0x00, 0x0a, 0x84, 0x23, 0x83, 0x20, 0x01, 0x23, 0x2a, 0x83, 0x23, 
  0x03, 0x20, 0x20, 0x23, 0x2a, 0x85, 0x23, 0x00, 0x0a, 0x85, 0x23, 0x00, 0x62, 0x8b, 0x20, 0x85, 
  0x23, 0x00, 0x0a, 0x85, 0x23, 0x82, 0x2a, 0x89, 0x20, 0x85, 0x23, 0x00, 0x0a, 0x98, 0x23, 0x00, 
  0x0a, 0x98, 0x23, 0x00, 0x0a, 0x98, 0x23, 0x2c, 0x0a, 0x54, 0x69, 0x74, 0x6c, 0x65, 0x3a, 0x20, 
  0x4c, 0x65, 0x76, 0x65, 0x6c, 0x20, 0x31, 0x34, 0x0a, 0x41, 0x75, 0x74, 0x68, 0x6f, 0x72, 0x3a, 
  0x20, 0x42, 0x72, 0x79, 0x61, 0x6e, 0x74, 0x20, 0x42, 0x72, 0x6f, 0x77, 0x6e, 0x65, 0x6c, 0x6c, 
  0x0a, 0x0a, 0x31, 0x35, 0x0a, 0x98, 0x23, 0x00, 0x0a, 0x98, 0x23, 0x00, 0x0a, 0x98, 0x23, 0x00, 
  0x0a, 0x98, 0x23, 0x00, 0x0a, 0x98, 0x23, 0x00, 0x0a, 0x98, 0x23, 0x00, 0x0a, 0x85, 0x23, 0x00, 
  0x20, 0x83, 0x62, 0x84, 0x78, 0x01, 0x64, 0x2a, 0x86, 0x23, 0x00, 0x0a, 0x85, 0x23, 0x00, 0x20, 
  0x83, 0x62, 0x82, 0x78, 0x03, 0x23, 0x64, 0x2a, 0x2a, 0x86, 0x23, 0x00, 0x0a, 0x85, 0x23, 0x00, 
  0x40, 0x83, 0x62, 0x82, 0x78, 0x00, 0x64, 0x82, 0x2a, 0x86, 0x23, 0x00, 0x0a, 0x85, 0x23, 0x00, 
  0x20, 0x83, 0x62, 0x02, 0x78, 0x78, 0x64, 0x83, 0x2a, 0x86, 0x23, 0x00, 0x0a, 0x85, 0x23, 0x00, 
  0x20, 0x83, 0x62, 0x01, 0x78, 0x64, 0x84, 0x2a, 0x86, 0x23, 0x00, 0x0a, 0x98, 0x23, 0x00, 0x0a, 
  0x98, 0x23, 0x00, 0x0a, 0x98, 0x23, 0x00, 0x0a, 0x98, 0x23, 0x00, 0x0a, 0x98, 0x23, 0x2c, 0x0a, 
  0x54, 0x69, 0x74, 0x6c, 0x65, 0x3a, 0x20, 0x4c, 0x65, 0x76, 0x65, 0x6c, 0x20, 0x31, 0x35, 0x0a, 
  0x41, 0x75, 0x74, 0x68, 0x6f, 0x72, 0x3a, 0x20, 0x42, 0x72, 0x79, 0x61, 0x6e, 0x74, 0x20, 0x42, 
  0x72, 0x6f, 0x77, 0x6e, 0x65, 0x6c, 0x6c, 0x0a, 0x0a, 0x31, 0x36, 0x0a, 0x98, 0x23, 0x00, 0x0a, 
  0x98, 0x23, 0x00, 0x0a, 0x98, 0x23, 0x00, 0x0a, 0x98, 0x23, 0x00, 0x0a, 0x87, 0x23, 0x03, 0x64, 
  0x78, 0x64, 0x78, 0x82, 0x20, 0x02, 0x2a, 0x20, 0x2a, 0x86, 0x23, 0x00, 0x0a, 0x87, 0x23, 0x00, 
  0x62, 0x82, 0x23, 0x05, 0x77, 0x23, 0x20, 0x23, 0x20, 0x64, 0x86, 0x23, 0x00, 0x0a, 0x87, 0x23, 
  0x01, 0x20, 0x23, 0x82, 0x20, 0x03, 0x23, 0x20, 0x23, 0x20, 0x87, 0x23, 0x00, 0x0a, 0x87, 0x23, 
  0x08, 0x20, 0x23, 0x20, 0x23, 0x77, 0x23, 0x20, 0x23, 0x20, 0x87, 0x23, 0x00, 0x0a, 0x87, 0x23, 
  0x08, 0x20, 0x77, 0x20, 0x77, 0x40, 0x77, 0x20, 0x77, 0x20, 0x87, 0x23, 0x00, 0x0a, 0x87, 0x23, 
  0x08, 0x20, 0x23, 0x20, 0x23, 0x77, 0x23, 0x20, 0x23, 0x20, 0x87, 0x23, 0x00, 0x0a, 0x87, 0x23, 
  0x82, 0x20, 0x00, 0x23, 0x82, 0x20, 0x01, 0x23, 0x20, 0x87, 0x23, 0x00, 0x0a, 0x86, 0x23, 0x01, 
  0x64, 0x20, 0x82, 0x23, 0x00, 0x77, 0x82, 0x23, 0x00, 0x62, 0x87, 0x23, 0x00, 0x0a, 0x86, 0x23, 
  0x00, 0x2a, 0x86, 0x20, 0x01, 0x62, 0x64, 0x87, 0x23, 0x00, 0x0a, 0x98, 0x23, 0x00, 0x0a, 0x98, 
  0x23, 0x00, 0x0a, 0x98, 0x23, 0x2c, 0x0a, 0x54, 0x69, 0x74, 0x6c, 0x65, 0x3a, 0x20, 0x4c, 0x65, 
  0x76, 0x65, 0x6c, 0x20, 0x31, 0x36, 0x0a, 0x41, 0x75, 0x74, 0x68, 0x6f, 0x72, 0x3a, 0x20, 0x42, 
  0x72, 0x79, 0x61, 0x6e, 0x74, 0x20, 0x42, 0x72, 0x6f, 0x77, 0x6e, 0x65, 0x6c, 0x6c, 0x0a, 0x0a, 
  0x31, 0x37, 0x0a, 0x98, 0x23, 0x00, 0x0a, 0x98, 0x23, 0x00, 0x0a, 0x98, 0x23, 0x00, 0x0a, 0x98, 
  0x23, 0x00, 0x0a, 0x98, 0x23, 0x00, 0x0a, 0x82, 0x23, 0x8d, 0x20, 0x00, 0x23, 0x83, 0x20, 0x82, 
  0x23, 0x00, 0x0a, 0x82, 0x23, 0x05, 0x20, 0x20, 0x77, 0x77, 0x20, 0x20, 0x82, 0x2a, 0x05, 0x20, 
  0x2a, 0x2a, 0x20, 0x23, 0x20, 0x82, 0x2a, 0x00, 0x64, 0x82, 0x23, 0x00, 0x0a, 0x82, 0x23, 0x10, 
  0x20, 0x20, 0x77, 0x20, 0x77, 0x20, 0x20, 0x2a, 0x20, 0x20, 0x2a, 0x64, 0x2a, 0x23, 0x2a, 0x20, 
  0x20, 0x84, 0x23, 0x00, 0x0a, 0x82, 0x23, 0x03, 0x40, 0x20, 0x77, 0x77, 0x82, 0x20, 0x04, 0x2a, 
  0x20, 0x20, 0x2a, 0x2a, 0x82, 0x20, 0x03, 0x2a, 0x2a, 0x20, 0x20, 0x82, 0x23, 0x00, 0x0a, 0x82, 
  0x23, 0x0a, 0x20, 0x20, 0x77, 0x20, 0x77, 0x20, 0x20, 0x2a, 0x20, 0x20, 0x2a, 0x83, 0x20, 0x02, 
  0x23, 0x20, 0x2a, 0x83, 0x23, 0x00, 0x0a, 0x82, 0x23, 0x05, 0x20, 0x20, 0x77, 0x77, 0x20, 0x20, 
  0x82, 0x2a, 0x04, 0x20, 0x2a, 0x23, 0x23, 0x20, 0x82, 0x2a, 0x01, 0x20, 0x20, 0x82, 0x23, 0x00, 
  0x0a, 0x82, 0x23, 0x85, 0x20, 0x02, 0x23, 0x64, 0x23, 0x83, 0x20, 0x05, 0x23, 0x23, 0x20, 0x20, 
  0x23, 0x64, 0x82, 0x23, 0x00, 0x0a, 0x98, 0x23, 0x00, 0x0a, 0x98, 0x23, 0x00, 0x0a, 0x98, 0x23, 
  0x00, 0x0a, 0x98, 0x23, 0x2c, 0x0a, 0x54, 0x69, 0x74, 0x6c, 0x65, 0x3a, 0x20, 0x4c, 0x65, 0x76, 
  0x65, 0x6c, 0x20, 0x31, 0x37, 0x0a, 0x41, 0x75, 0x74, 0x68, 0x6f, 0x72, 0x3a, 0x20, 0x42, 0x72, 
  0x79, 0x61, 0x6e, 0x74, 0x20, 0x42, 0x72, 0x6f, 0x77, 0x6e, 0x65, 0x6c, 0x6c, 0x0a, 0x0a, 0x31, 
  0x38, 0x0a, 0x98, 0x23, 0x00, 0x0a, 0x98, 0x23, 0x00, 0x0a, 0x98, 0x23, 0x00, 0x0a, 0x98, 0x23, 
  0x00, 0x0a, 0x86, 0x23, 0x03, 0x64, 0x78, 0x2a, 0x78, 0x82, 0x2a, 0x03, 0x78, 0x2a, 0x78, 0x64, 
  0x86, 0x23, 0x00, 0x0a, 0x86, 0x23, 0x0a, 0x78, 0x78, 0x2a, 0x78, 0x2a, 0x64, 0x2a, 0x78, 0x2a, 
  0x78, 0x78, 0x86, 0x23, 0x00, 0x0a, 0x86, 0x23, 0x82, 0x2a, 0x00, 0x78, 0x82, 0x2a, 0x00, 0x78, 
  0x82, 0x2a, 0x86, 0x23, 0x00, 0x0a, 0x86, 0x23, 0x8a, 0x78, 0x86, 0x23, 0x00, 0x0a, 0x86, 0x23, 
  0x8a, 0x2a, 0x86, 0x23, 0x00, 0x0a, 0x86, 0x23, 0x84, 0x20, 0x00, 0x40, 0x84, 0x20, 0x86, 0x23, 
  0x00, 0x0a, 0x86, 0x23, 0x0a, 0x77, 0x62, 0x77, 0x62, 0x77, 0x62, 0x77, 0x62, 0x77, 0x62, 0x77, 
  0x86, 0x23, 0x00, 0x0a, 0x86, 0x23, 0x82, 0x20, 0x00, 0x23, 0x82, 0x20, 0x00, 0x23, 0x82, 0x20, 
  0x86, 0x23, 0x00, 0x0a, 0x86, 0x23, 0x82, 0x20, 0x00, 0x24, 0x82, 0x20, 0x00, 0x24, 0x82, 0x20, 
  0x86, 0x23, 0x00, 0x0a, 0x98, 0x23, 0x00, 0x0a, 0x98, 0x23, 0x00, 0x0a, 0x98, 0x23, 0x2c, 0x0a, 
  0x54, 0x69, 0x74, 0x6c, 0x65, 0x3a, 0x20, 0x4c, 0x65, 0x76, 0x65, 0x6c, 0x20, 0x31, 0x38, 0x0a, 
  0x41, 0x75, 0x74, 0x68, 0x6f, 0x72, 0x3a, 0x20, 0x42, 0x72, 0x79, 0x61, 0x6e, 0x74, 0x20, 0x42, 
  0x72, 0x6f, 0x77, 0x6e, 0x65, 0x6c, 0x6c, 0x0a, 0x0a, 0x31, 0x39, 0x0a, 0x98, 0x23, 0x00, 0x0a, 
  0x98, 0x23, 0x00, 0x0a, 0x98, 0x23, 0x00, 0x0a, 0x98, 0x23, 0x00, 0x0a, 0x98, 0x23, 0x00, 0x0a, 
  0x85, 0x23, 0x01, 0x20, 0x40, 0x87, 0x20, 0x02, 0x2a, 0x78, 0x78, 0x85, 0x23, 0x00, 0x0a, 0x85, 
  0x23, 0x0c, 0x20, 0x24, 0x20, 0x23, 0x77, 0x20, 0x77, 0x77, 0x20, 0x20, 0x2a, 0x78, 0x78, 0x85, 
  0x23, 0x00, 0x0a, 0x85, 0x23, 0x07, 0x2a, 0x23, 0x20, 0x20, 0x77, 0x77, 0x20, 0x23, 0x82, 0x2a, 
  0x01, 0x64, 0x78, 0x85, 0x23, 0x00, 0x0a, 0x85, 0x23, 0x08, 0x20, 0x24, 0x20, 0x62, 0x20, 0x20, 
  0x77, 0x64, 0x64, 0x82, 0x23, 0x00, 0x64, 0x85, 0x23, 0x00, 0x0a, 0x85, 0x23, 0x03, 0x2a, 0x23, 
  0x23, 0x64, 0x82, 0x23, 0x83, 0x2a, 0x01, 0x64, 0x2a, 0x85, 0x23, 0x00, 0x0a, 0x85, 0x23, 0x88, 
  0x20, 0x83, 0x2a, 0x85, 0x23, 0x00, 0x0a, 0x98, 0x23, 0x00, 0x0a, 0x98, 0x23, 0x00, 0x0a, 0x98, 
  0x23, 0x00, 0x0a, 0x98, 0x23, 0x00, 0x0a, 0x98, 0x23, 0x2c, 0x0a, 0x54, 0x69, 0x74, 0x6c, 0x65, 
  0x3a, 0x20, 0x4c, 0x65, 0x76, 0x65, 0x6c, 0x20, 0x31, 0x39, 0x0a, 0x41, 0x75, 0x74, 0x68, 0x6f, 
  0x72, 0x3a, 0x20, 0x42, 0x72, 0x79, 0x61, 0x6e, 0x74, 0x20, 0x42, 0x72, 0x6f, 0x77, 0x6e, 0x65, 
  0x6c, 0x6c, 0x0a, 0x0a, 0x32, 0x30, 0x0a, 0x98, 0x23, 0x00, 0x0a, 0x98, 0x23, 0x00, 0x0a, 0x98, 
  0x23, 0x00, 0x0a, 0x98, 0x23, 0x00, 0x0a, 0x98, 0x23, 0x00, 0x0a, 0x82, 0x23, 0x88, 0x20, 0x01, 
  0x2a, 0x64, 0x82, 0x2a, 0x87, 0x23, 0x00, 0x0a, 0x82, 0x23, 0x00, 0x20, 0x86, 0x77, 0x03, 0x20, 
  0x2a, 0x2a, 0x64, 0x82, 0x2a, 0x86, 0x23, 0x00, 0x0a, 0x82, 0x23, 0x00, 0x20, 0x86, 0x77, 0x00, 
  0x20, 0x82, 0x2a, 0x00, 0x64, 0x83, 0x2a, 0x00, 0x64, 0x83, 0x23, 0x00, 0x0a, 0x82, 0x23, 0x02, 
  0x20, 0x77, 0x40, 0x84, 0x77, 0x00, 0x20, 0x83, 0x2a, 0x00, 0x64, 0x83, 0x2a, 0x83, 0x23, 0x00, 
  0x0a, 0x82, 0x23, 0x00, 0x20, 0x86, 0x77, 0x00, 0x20, 0x82, 0x2a, 0x00, 0x64, 0x83, 0x2a, 0x00, 
  0x64, 0x83, 0x23, 0x00, 0x0a, 0x82, 0x23, 0x00, 0x20, 0x86, 0x77, 0x03, 0x20, 0x2a, 0x2a, 0x64, 
  0x82, 0x2a, 0x86, 0x23, 0x00, 0x0a, 0x82, 0x23, 0x88, 0x20, 0x01, 0x2a, 0x64, 0x82, 0x2a, 0x87, 
  0x23, 0x00, 0x0a, 0x98, 0x23, 0x00, 0x0a, 0x98, 0x23, 0x00, 0x0a, 0x98, 0x23, 0x00, 0x0a, 0x98, 
  0x23, 0x2c, 0x0a, 0x54, 0x69, 0x74, 0x6c, 0x65, 0x3a, 0x20, 0x4c, 0x65, 0x76, 0x65, 0x6c, 0x20, 
  0x32, 0x30, 0x0a, 0x41, 0x75, 0x74, 0x68, 0x6f, 0x72, 0x3a, 0x20, 0x42, 0x72, 0x79, 0x61, 0x6e, 
  0x74, 0x20, 0x42, 0x72, 0x6f, 0x77, 0x6e, 0x65, 0x6c, 0x6c, 0x0a, 0x0a, 0x32, 0x31, 0x0a, 0x98, 
  0x23, 0x00, 0x0a, 0x98, 0x23, 0x00, 0x0a, 0x98, 0x23, 0x00, 0x0a, 0x98, 0x23, 0x00, 0x0a, 0x86, 
  0x23, 0x00, 0x40, 0x82, 0x20, 0x06, 0x77, 0x20, 0x77, 0x20, 0x77, 0x2a, 0x64, 0x86, 0x23, 0x00, 
  0x0a, 0x88, 0x23, 0x08, 0x24, 0x23, 0x23, 0x78, 0x23, 0x64, 0x23, 0x2a, 0x64, 0x86, 0x23, 0x00, 
  0x0a, 0x86, 0x23, 0x00, 0x78, 0x84, 0x20, 0x82, 0x23, 0x00, 0x78, 0x87, 0x23, 0x00, 0x0a, 0x86, 
  0x23, 0x01, 0x78, 0x77, 0x88, 0x20, 0x86, 0x23, 0x00, 0x0a, 0x86, 0x23, 0x01, 0x78, 0x77, 0x82, 
  0x20, 0x01, 0x78, 0x78, 0x83, 0x20, 0x86, 0x23, 0x00, 0x0a, 0x86, 0x23, 0x0a, 0x78, 0x77, 0x78, 
  0x78, 0x20, 0x24, 0x78, 0x20, 0x20, 0x62, 0x2a, 0x86, 0x23, 0x00, 0x0a, 0x87, 0x23, 0x01, 0x77, 
  0x23, 0x84, 0x20, 0x01, 0x62, 0x20, 0x87, 0x23, 0x00, 0x0a, 0x87, 0x23, 0x01, 0x64, 0x2a, 0x83, 
  0x20, 0x02, 0x62, 0x20, 0x64, 0x87, 0x23, 0x00, 0x0a, 0x98, 0x23, 0x00, 0x0a, 0x98, 0x23, 0x00, 
  0x0a, 0x98, 0x23, 0x00, 0x0a, 0x98, 0x23, 0x2c, 0x0a, 0x54, 0x69, 0x74, 0x6c, 0x65, 0x3a, 0x20, 
  0x4c, 0x65, 0x76, 0x65, 0x6c, 0x20, 0x32, 0x31, 0x0a, 0x41, 0x75, 0x74, 0x68, 0x6f, 0x72, 0x3a, 
  0x20, 0x42, 0x72, 0x79, 0x61, 0x6e, 0x74, 0x20, 0x42, 0x72, 0x6f, 0x77, 0x6e, 0x65, 0x6c, 0x6c, 
  0x0a, 0x0a, 0x32, 0x32, 0x0a, 0x98, 0x23, 0x00, 0x0a, 0x98, 0x23, 0x00, 0x0a, 0x98, 0x23, 0x00, 
  0x0a, 0x98, 0x23, 0x00, 0x0a, 0x98, 0x23, 0x00, 0x0a, 0x83, 0x23, 0x8a, 0x20, 0x04, 0x2a, 0x2a, 
  0x20, 0x2a, 0x64, 0x84, 0x23, 0x00, 0x0a, 0x83, 0x23, 0x05, 0x20, 0x78, 0x20, 0x78, 0x20, 0x2a, 
  0x84, 0x20, 0x04, 0x2a, 0x20, 0x2a, 0x64, 0x2a, 0x84, 0x23, 0x00, 0x0a, 0x83, 0x23, 0x06, 0x20, 
  0x62, 0x20, 0x24, 0x20, 0x78, 0x20, 0x82, 0x77, 0x05, 0x20, 0x2a, 0x2a, 0x64, 0x2a, 0x64, 0x84, 
  0x23, 0x00, 0x0a, 0x83, 0x23, 0x06, 0x40, 0x78, 0x20, 0x78, 0x20, 0x78, 0x20, 0x82, 0x77, 0x05, 
  0x20, 0x2a, 0x64, 0x2a, 0x64, 0x2a, 0x84, 0x23, 0x00, 0x0a, 0x83, 0x23, 0x06, 0x20, 0x62, 0x20, 
  0x24, 0x20, 0x78, 0x20, 0x82, 0x77, 0x05, 0x20, 0x2a, 0x2a, 0x64, 0x2a, 0x64, 0x84, 0x23, 0x00, 
  0x0a, 0x83, 0x23, 0x05, 0x20, 0x78, 0x20, 0x78, 0x20, 0x2a, 0x84, 0x20, 0x04, 0x2a, 0x20, 0x2a, 
  0x64, 0x2a, 0x84, 0x23, 0x00, 0x0a, 0x83, 0x23, 0x8a, 0x20, 0x04, 0x2a, 0x2a, 0x20, 0x2a, 0x64, 
  0x84, 0x23, 0x00, 0x0a, 0x98, 0x23, 0x00, 0x0a, 0x98, 0x23, 0x00, 0x0a, 0x98, 0x23, 0x00, 0x0a, 
  0x98, 0x23, 0x2c, 0x0a, 0x54, 0x69, 0x74, 0x6c, 0x65, 0x3a, 0x20, 0x4c, 0x65, 0x76, 0x65, 0x6c, 
  0x20, 0x32, 0x32, 0x0a, 0x41, 0x75, 0x74, 0x68, 0x6f, 0x72, 0x3a, 0x20, 0x42, 0x72, 0x79, 0x61, 
  0x6e, 0x74, 0x20, 0x42, 0x72, 0x6f, 0x77, 0x6e, 0x65, 0x6c, 0x6c, 0x0a, 0x0a, 0x32, 0x33, 0x0a, 
  0x98, 0x23, 0x00, 0x0a, 0x98, 0x23, 0x00, 0x0a, 0x98, 0x23, 0x00, 0x0a, 0x98, 0x23, 0x00, 0x0a, 
  0x8e, 0x23, 0x00, 0x20, 0x88, 0x23, 0x00, 0x0a, 0x84, 0x23, 0x04, 0x78, 0x20, 0x20, 0x77, 0x20, 
  0x82, 0x23, 0x83, 0x20, 0x87, 0x23, 0x00, 0x0a, 0x84, 0x23, 0x04, 0x78, 0x20, 0x20, 0x77, 0x20, 
  0x82, 0x23, 0x03, 0x24, 0x24, 0x62, 0x24, 0x87, 0x23, 0x00, 0x0a, 0x84, 0x23, 0x04, 0x78, 0x77, 
  0x77, 0x23, 0x20, 0x82, 0x23, 0x83, 0x20, 0x87, 0x23, 0x00, 0x0a, 0x84, 0x23, 0x01, 0x78, 0x40, 
  0x86, 0x20, 0x02, 0x78, 0x20, 0x20, 0x87, 0x23, 0x00, 0x0a, 0x84, 0x23, 0x02, 0x78, 0x23, 0x23, 
  0x84, 0x20, 0x03, 0x78, 0x78, 0x20, 0x20, 0x87, 0x23, 0x00, 0x0a, 0x84, 0x23, 0x04, 0x64, 0x62, 
  0x20, 0x2a, 0x2a, 0x82, 0x20, 0x04, 0x78, 0x78, 0x20, 0x20, 0x2a, 0x86, 0x23, 0x00, 0x0a, 0x84, 
  0x23, 0x05, 0x64, 0x62, 0x20, 0x2a, 0x20, 0x2a, 0x85, 0x20, 0x00, 0x2a, 0x86, 0x23, 0x00, 0x0a, 
  0x84, 0x23, 0x01, 0x64, 0x78, 0x86, 0x20, 0x83, 0x2a, 0x00, 0x64, 0x85, 0x23, 0x00, 0x0a, 0x98, 
  0x23, 0x00, 0x0a, 0x98, 0x23, 0x00, 0x0a, 0x98, 0x23, 0x2c, 0x0a, 0x54, 0x69, 0x74, 0x6c, 0x65, 
  0x3a, 0x20, 0x4c, 0x65, 0x76, 0x65, 0x6c, 0x20, 0x32, 0x33, 0x0a, 0x41, 0x75, 0x74, 0x68, 0x6f, 
  0x72, 0x3a, 0x20, 0x42, 0x72, 0x79, 0x61, 0x6e, 0x74, 0x20, 0x42, 0x72, 0x6f, 0x77, 0x6e, 0x65, 
  0x6c, 0x6c, 0x0a, 0x0a, 0x32, 0x34, 0x0a, 0x98, 0x23, 0x00, 0x0a, 0x98, 0x23, 0x00, 0x0a, 0x98, 
  0x23, 0x00, 0x0a, 0x98, 0x23, 0x00, 0x0a, 0x98, 0x23, 0x00, 0x0a, 0x87, 0x23, 0x87, 0x20, 0x00, 
  0x64, 0x87, 0x23, 0x00, 0x0a, 0x87, 0x23, 0x08, 0x20, 0x23, 0x24, 0x20, 0x24, 0x20, 0x62, 0x20, 
  0x2a, 0x87, 0x23, 0x00, 0x0a, 0x87, 0x23, 0x02, 0x20, 0x2a, 0x20, 0x83, 0x77, 0x01, 0x23, 0x2a, 
  0x87, 0x23, 0x00, 0x0a, 0x87, 0x23, 0x08, 0x40, 0x77, 0x20, 0x77, 0x23, 0x23, 0x77, 0x23, 0x2a, 
  0x87, 0x23, 0x00, 0x0a, 0x87, 0x23, 0x02, 0x20, 0x2a, 0x20, 0x82, 0x77, 0x02, 0x23, 0x23, 0x2a, 
  0x87, 0x23, 0x00, 0x0a, 0x87, 0x23, 0x02, 0x20, 0x23, 0x24, 0x82, 0x20, 0x02, 0x23, 0x2a, 0x2a, 
  0x87, 0x23, 0x00, 0x0a, 0x87, 0x23, 0x84, 0x20, 0x03, 0x64, 0x23, 0x64, 0x2a, 0x87, 0x23, 0x00, 
  0x0a, 0x98, 0x23, 0x00, 0x0a, 0x98, 0x23, 0x00, 0x0a, 0x98, 0x23, 0x00, 0x0a, 0x98, 0x23, 0x2c, 
  0x0a, 0x54, 0x69, 0x74, 0x6c, 0x65, 0x3a, 0x20, 0x4c, 0x65, 0x76, 0x65, 0x6c, 0x20, 0x32, 0x34, 
  0x0a, 0x41, 0x75, 0x74, 0x68, 0x6f, 0x72, 0x3a, 0x20, 0x42, 0x72, 0x79, 0x61, 0x6e, 0x74, 0x20, 
  0x42, 0x72, 0x6f, 0x77, 0x6e, 0x65, 0x6c, 0x6c, 0x0a, 0x0a, 0x32, 0x35, 0x0a, 0x98, 0x23, 0x00, 
  0x0a, 0x98, 0x23, 0x00, 0x0a, 0x98, 0x23, 0x00, 0x0a, 0x98, 0x23, 0x00, 0x0a, 0x82, 0x23, 0x00, 
  0x40, 0x86, 0x20, 0x00, 0x23, 0x87, 0x20, 0x84, 0x23, 0x00, 0x0a, 0x82, 0x23, 0x04, 0x20, 0x77, 
  0x77, 0x20, 0x20, 0x82, 0x2a, 0x02, 0x23, 0x2a, 0x2a, 0x82, 0x20, 0x03, 0x2a, 0x78, 0x20, 0x2a, 
  0x83, 0x23, 0x00, 0x0a, 0x82, 0x23, 0x12, 0x20, 0x77, 0x20, 0x77, 0x20, 0x20, 0x2a, 0x64, 0x23, 
  0x2a, 0x20, 0x2a, 0x20, 0x2a, 0x64, 0x2a, 0x20, 0x2a, 0x64, 0x82, 0x23, 0x00, 0x0a, 0x82, 0x23, 
  0x00, 0x20, 0x82, 0x77, 0x0e, 0x20, 0x20, 0x2a, 0x23, 0x23, 0x2a, 0x2a, 0x20, 0x20, 0x2a, 0x78, 
  0x20, 0x20, 0x2a, 0x78, 0x82, 0x23, 0x00, 0x0a, 0x82, 0x23, 0x02, 0x20, 0x24, 0x77, 0x82, 0x20, 
  0x0c, 0x2a, 0x20, 0x20, 0x2a, 0x20, 0x23, 0x20, 0x20, 0x2a, 0x20, 0x20, 0x2a, 0x64, 0x82, 0x23, 
  0x00, 0x0a, 0x82, 0x23, 0x0b, 0x20, 0x77, 0x20, 0x77, 0x20, 0x20, 0x2a, 0x78, 0x78, 0x2a, 0x20, 
  0x78, 0x82, 0x20, 0x02, 0x2a, 0x20, 0x2a, 0x83, 0x23, 0x00, 0x0a, 0x82, 0x23, 0x11, 0x20, 0x62, 
  0x20, 0x77, 0x20, 0x20, 0x2a, 0x20, 0x20, 0x2a, 0x20, 0x23, 0x20, 0x2a, 0x20, 0x2a, 0x20, 0x20, 
  0x83, 0x23, 0x00, 0x0a, 0x82, 0x23, 0x04, 0x20, 0x77, 0x77, 0x23, 0x20, 0x82, 0x2a, 0x01, 0x78, 
  0x2a, 0x83, 0x20, 0x03, 0x2a, 0x20, 0x20, 0x2a, 0x83, 0x23, 0x00, 0x0a, 0x82, 0x23, 0x87, 0x20, 
  0x00, 0x78, 0x87, 0x20, 0x84, 0x23, 0x00, 0x0a, 0x98, 0x23, 0x00, 0x0a, 0x98, 0x23, 0x00, 0x0a, 
  0x98, 0x23, 0x29, 0x0a, 0x54, 0x69, 0x74, 0x6c, 0x65, 0x3a, 0x20, 0x4c, 0x65, 0x76, 0x65, 0x6c, 
  0x20, 0x32, 0x35, 0x0a, 0x41, 0x75, 0x74, 0x68, 0x6f, 0x72, 0x3a, 0x20, 0x42, 0x72, 0x79, 0x61, 
  0x6e, 0x74, 0x20, 0x42, 0x72, 0x6f, 0x77, 0x6e, 0x65, 0x6c, 0x6c, 0x0a, 0x0a
};

//every line of a level is at least two bytes (a character and the newline), so the line
//counter y (uint16_t) can not wrap while a pack stays below 131072 bytes. The arrays are
//run length encoded, so it is the length they come back to that is checked, and that is
//known here rather than to the compiler
static_assert((5937 < 131072) &&
	(6882 < 131072) &&
	(4588 < 131072) &&
	(4608 < 131072) &&
	(5921 < 131072) &&
	(6400 < 131072), "a level pack is too big for the uint16_t line counter");

//The packs LEVELPACKS builds in: the name the game offers and the text to parse. Only the
//packs that are asked for are named here, and an array that is named nowhere is one the
//compiler leaves out, which is what leaving a pack out saves
typedef struct LevelPackEntry LevelPackEntry;
struct LevelPackEntry
{
	const char* filename;
	const unsigned char* text;
	uint32_t size;
};

static const LevelPackEntry builtInPacks[] = {
#if LEVELPACKS & LP_bips_1
	{ "bips_1.bip", levelpack_bips_1, sizeof(levelpack_bips_1) },
#endif
#if LEVELPACKS & LP_bips_2
	{ "bips_2.bip", levelpack_bips_2, sizeof(levelpack_bips_2) },
#endif
#if LEVELPACKS & LP_bips_gold
	{ "bips_gold.bip", levelpack_bips_gold, sizeof(levelpack_bips_gold) },
#endif
#if LEVELPACKS & LP_bips_gold_2_players
	{ "bips_gold_2_players.bip", levelpack_bips_gold_2_players, sizeof(levelpack_bips_gold_2_players) },
#endif
#if LEVELPACKS & LP_bips_platinum_1
	{ "bips_platinum_1.bip", levelpack_bips_platinum_1, sizeof(levelpack_bips_platinum_1) },
#endif
#if LEVELPACKS & LP_bips_platinum_2
	{ "bips_platinum_2.bip", levelpack_bips_platinum_2, sizeof(levelpack_bips_platinum_2) },
#endif
};

#endif